genders,ages,img_paths
1,56,00/nm0000100_rm1001569280_1955-1-6_2011.jpg
1,48,00/nm0000100_rm1002674432_1955-1-6_2003.jpg
1,56,00/nm0000100_rm1018346496_1955-1-6_2011.jpg
1,48,00/nm0000100_rm1019451648_1955-1-6_2003.jpg
1,48,00/nm0000100_rm1036228864_1955-1-6_2003.jpg
1,52,00/nm0000100_rm1079482368_1955-1-6_2007.jpg
1,52,00/nm0000100_rm1096259584_1955-1-6_2007.jpg
1,52,00/nm0000100_rm1129814016_1955-1-6_2007.jpg
1,52,00/nm0000100_rm1146591232_1955-1-6_2007.jpg
1,52,00/nm0000100_rm1196922880_1955-1-6_2007.jpg
1,52,00/nm0000100_rm1247254528_1955-1-6_2007.jpg
1,48,00/nm0000100_rm12818688_1955-1-6_2003.jpg
1,56,00/nm0000100_rm129154048_1955-1-6_2011.jpg
1,48,00/nm0000100_rm147036416_1955-1-6_2003.jpg
1,48,00/nm0000100_rm230922496_1955-1-6_2003.jpg
1,46,00/nm0000100_rm2804586496_1955-1-6_2001.jpg
1,56,00/nm0000100_rm2969547264_1955-1-6_2011.jpg
1,56,00/nm0000100_rm3003101696_1955-1-6_2011.jpg
1,48,00/nm0000100_rm3686963456_1955-1-6_2003.jpg
1,56,00/nm0000100_rm3738742784_1955-1-6_2011.jpg
1,48,00/nm0000100_rm3822295296_1955-1-6_2003.jpg
1,48,00/nm0000100_rm616798464_1955-1-6_2003.jpg
1,48,00/nm0000100_rm633575680_1955-1-6_2003.jpg
1,48,00/nm0000100_rm717461760_1955-1-6_2003.jpg
1,48,00/nm0000100_rm751016192_1955-1-6_2003.jpg
1,48,00/nm0000100_rm784570624_1955-1-6_2003.jpg
1,56,00/nm0000100_rm862094592_1955-1-6_2011.jpg
1,48,00/nm0000100_rm96704768_1955-1-6_2003.jpg
1,56,00/nm0000100_rm984792064_1955-1-6_2011.jpg
1,48,00/nm0000100_rm985897216_1955-1-6_2003.jpg
1,58,00/nm0000200_rm1026153216_1955-5-17_2013.jpg
1,51,00/nm0000200_rm1027119104_1955-5-17_2006.jpg
1,51,00/nm0000200_rm104372224_1955-5-17_2006.jpg
1,51,00/nm0000200_rm1043896320_1955-5-17_2006.jpg
1,51,00/nm0000200_rm1060673536_1955-5-17_2006.jpg
1,41,00/nm0000200_rm1085446912_1955-5-17_1996.jpg
1,37,00/nm0000200_rm1144557056_1955-5-17_1992.jpg
1,51,00/nm0000200_rm121149440_1955-5-17_2006.jpg
1,40,00/nm0000200_rm1241356544_1955-5-17_1995.jpg
1,58,00/nm0000200_rm1308089088_1955-5-17_2013.jpg
1,40,00/nm0000200_rm1379700224_1955-5-17_1995.jpg
1,54,00/nm0000200_rm1442941440_1955-5-17_2009.jpg
1,57,00/nm0000200_rm1459072256_1955-5-17_2012.jpg
1,45,00/nm0000200_rm1524013824_1955-5-17_2000.jpg
1,57,00/nm0000200_rm1559735552_1955-5-17_2012.jpg
1,45,00/nm0000200_rm1585486592_1955-5-17_2000.jpg
1,45,00/nm0000200_rm1602263808_1955-5-17_2000.jpg
1,54,00/nm0000200_rm1728154112_1955-5-17_2009.jpg
1,45,00/nm0000200_rm1781829120_1955-5-17_2000.jpg
1,41,00/nm0000200_rm1853070080_1955-5-17_1996.jpg
1,50,00/nm0000200_rm1857335296_1955-5-17_2005.jpg
1,58,00/nm0000200_rm189244672_1955-5-17_2013.jpg
1,42,00/nm0000200_rm1905047296_1955-5-17_1997.jpg
1,45,00/nm0000200_rm1932824064_1955-5-17_2000.jpg
1,45,00/nm0000200_rm2186910208_1955-5-17_2000.jpg
1,45,00/nm0000200_rm2203687424_1955-5-17_2000.jpg
1,59,00/nm0000200_rm2257976064_1955-5-17_2014.jpg
1,50,00/nm0000200_rm2315622912_1955-5-17_2005.jpg
1,50,00/nm0000200_rm2332400128_1955-5-17_2005.jpg
1,58,00/nm0000200_rm2382093056_1955-5-17_2013.jpg
1,49,00/nm0000200_rm2413860864_1955-5-17_2004.jpg
1,59,00/nm0000200_rm2494025472_1955-5-17_2014.jpg
1,51,00/nm0000200_rm2538052352_1955-5-17_2006.jpg
1,54,00/nm0000200_rm2556136960_1955-5-17_2009.jpg
1,58,00/nm0000200_rm2726338560_1955-5-17_2013.jpg
1,51,00/nm0000200_rm2740751872_1955-5-17_2006.jpg
1,49,00/nm0000200_rm2752223232_1955-5-17_2004.jpg
1,51,00/nm0000200_rm2838346240_1955-5-17_2006.jpg
1,37,00/nm0000200_rm285115648_1955-5-17_1992.jpg
1,51,00/nm0000200_rm2888677888_1955-5-17_2006.jpg
1,47,00/nm0000200_rm2971638272_1955-5-17_2002.jpg
1,51,00/nm0000200_rm3065939200_1955-5-17_2006.jpg
1,51,00/nm0000200_rm3073227264_1955-5-17_2006.jpg
1,57,00/nm0000200_rm3250238720_1955-5-17_2012.jpg
1,57,00/nm0000200_rm3267015936_1955-5-17_2012.jpg
1,60,00/nm0000200_rm3318937088_1955-5-17_2015.jpg
1,51,00/nm0000200_rm3358038016_1955-5-17_2006.jpg
1,49,00/nm0000200_rm3423574016_1955-5-17_2004.jpg
1,51,00/nm0000200_rm3441924096_1955-5-17_2006.jpg
1,42,00/nm0000200_rm3444414976_1955-5-17_1997.jpg
1,51,00/nm0000200_rm3458701312_1955-5-17_2006.jpg
1,51,00/nm0000200_rm3475478528_1955-5-17_2006.jpg
1,51,00/nm0000200_rm3492255744_1955-5-17_2006.jpg
1,51,00/nm0000200_rm3525810176_1955-5-17_2006.jpg
1,51,00/nm0000200_rm3542587392_1955-5-17_2006.jpg
1,49,00/nm0000200_rm3557791744_1955-5-17_2004.jpg
1,51,00/nm0000200_rm3576141824_1955-5-17_2006.jpg
1,46,00/nm0000200_rm3576535040_1955-5-17_2001.jpg
1,51,00/nm0000200_rm3592919040_1955-5-17_2006.jpg
1,51,00/nm0000200_rm3609696256_1955-5-17_2006.jpg
1,43,00/nm0000200_rm3628243712_1955-5-17_1998.jpg
1,43,00/nm0000200_rm3645020928_1955-5-17_1998.jpg
1,51,00/nm0000200_rm3710359552_1955-5-17_2006.jpg
1,49,00/nm0000200_rm3725563904_1955-5-17_2004.jpg
1,51,00/nm0000200_rm3727136768_1955-5-17_2006.jpg
1,51,00/nm0000200_rm3743913984_1955-5-17_2006.jpg
1,57,00/nm0000200_rm3770332416_1955-5-17_2012.jpg
1,58,00/nm0000200_rm3850033920_1955-5-17_2013.jpg
1,57,00/nm0000200_rm3854218496_1955-5-17_2012.jpg
1,44,00/nm0000200_rm3920992256_1955-5-17_1999.jpg
1,44,00/nm0000200_rm3937769472_1955-5-17_1999.jpg
1,51,00/nm0000200_rm4000877056_1955-5-17_2006.jpg
1,44,00/nm0000200_rm4139096064_1955-5-17_1999.jpg
1,57,00/nm0000200_rm4189762816_1955-5-17_2012.jpg
1,43,00/nm0000200_rm4229076992_1955-5-17_1998.jpg
1,57,00/nm0000200_rm4240094464_1955-5-17_2012.jpg
1,59,00/nm0000200_rm4241021696_1955-5-17_2014.jpg
1,44,00/nm0000200_rm4246444544_1955-5-17_1999.jpg
1,44,00/nm0000200_rm4263221760_1955-5-17_1999.jpg
1,56,00/nm0000200_rm526823424_1955-5-17_2011.jpg
1,58,00/nm0000200_rm540133376_1955-5-17_2013.jpg
1,51,00/nm0000200_rm574134272_1955-5-17_2006.jpg
1,51,00/nm0000200_rm607688704_1955-5-17_2006.jpg
1,51,00/nm0000200_rm624465920_1955-5-17_2006.jpg
1,51,00/nm0000200_rm641243136_1955-5-17_2006.jpg
1,43,00/nm0000200_rm658742016_1955-5-17_1998.jpg
1,51,00/nm0000200_rm674797568_1955-5-17_2006.jpg
1,58,00/nm0000200_rm691128320_1955-5-17_2013.jpg
1,51,00/nm0000200_rm725129216_1955-5-17_2006.jpg
1,51,00/nm0000200_rm741906432_1955-5-17_2006.jpg
1,58,00/nm0000200_rm909232128_1955-5-17_2013.jpg
1,51,00/nm0000200_rm943233024_1955-5-17_2006.jpg
1,51,00/nm0000200_rm960010240_1955-5-17_2006.jpg
1,43,00/nm0000200_rm976326144_1955-5-17_1998.jpg
1,51,00/nm0000200_rm976787456_1955-5-17_2006.jpg
0,41,00/nm0000300_rm1055168768_1964-3-9_2005.jpg
0,24,00/nm0000300_rm1092988928_1964-3-9_1988.jpg
0,32,00/nm0000300_rm1111199232_1964-3-9_1996.jpg
0,42,00/nm0000300_rm114268160_1964-3-9_2006.jpg
0,24,00/nm0000300_rm1143320576_1964-3-9_1988.jpg
0,43,00/nm0000300_rm1145215744_1964-3-9_2007.jpg
0,41,00/nm0000300_rm132421888_1964-3-9_2005.jpg
0,50,00/nm0000300_rm1354223360_1964-3-9_2014.jpg
0,44,00/nm0000300_rm1489406208_1964-3-9_2008.jpg
0,44,00/nm0000300_rm1573292288_1964-3-9_2008.jpg
0,38,00/nm0000300_rm1650694912_1964-3-9_2002.jpg
0,38,00/nm0000300_rm1667472128_1964-3-9_2002.jpg
0,38,00/nm0000300_rm1684249344_1964-3-9_2002.jpg
0,38,00/nm0000300_rm1732549120_1964-3-9_2002.jpg
0,43,00/nm0000300_rm1791662080_1964-3-9_2007.jpg
0,49,00/nm0000300_rm1831001600_1964-3-9_2013.jpg
0,46,00/nm0000300_rm1942207232_1964-3-9_2010.jpg
0,38,00/nm0000300_rm2173212928_1964-3-9_2002.jpg
0,21,00/nm0000300_rm2251525632_1964-3-9_1985.jpg
0,42,00/nm0000300_rm2289670656_1964-3-9_2006.jpg
0,36,00/nm0000300_rm229814272_1964-3-9_2000.jpg
0,42,00/nm0000300_rm2306447872_1964-3-9_2006.jpg
0,24,00/nm0000300_rm2315816448_1964-3-9_1988.jpg
0,43,00/nm0000300_rm2325121280_1964-3-9_2007.jpg
0,43,00/nm0000300_rm2341898496_1964-3-9_2007.jpg
0,44,00/nm0000300_rm270372352_1964-3-9_2008.jpg
0,47,00/nm0000300_rm2836117248_1964-3-9_2011.jpg
0,43,00/nm0000300_rm2856766208_1964-3-9_2007.jpg
0,47,00/nm0000300_rm2886448896_1964-3-9_2011.jpg
0,21,00/nm0000300_rm3107163648_1964-3-9_1985.jpg
0,42,00/nm0000300_rm3293879040_1964-3-9_2006.jpg
0,46,00/nm0000300_rm3294659072_1964-3-9_2010.jpg
0,42,00/nm0000300_rm3310656256_1964-3-9_2006.jpg
0,46,00/nm0000300_rm3311436288_1964-3-9_2010.jpg
0,42,00/nm0000300_rm3327433472_1964-3-9_2006.jpg
0,42,00/nm0000300_rm3344210688_1964-3-9_2006.jpg
0,48,00/nm0000300_rm3625694208_1964-3-9_2012.jpg
0,36,00/nm0000300_rm3659241984_1964-3-9_2000.jpg
0,36,00/nm0000300_rm3676019200_1964-3-9_2000.jpg
0,32,00/nm0000300_rm3680678656_1964-3-9_1996.jpg
0,42,00/nm0000300_rm3768032000_1964-3-9_2006.jpg
0,42,00/nm0000300_rm3784809216_1964-3-9_2006.jpg
0,42,00/nm0000300_rm3801586432_1964-3-9_2006.jpg
0,42,00/nm0000300_rm3829176832_1964-3-9_2006.jpg
0,43,00/nm0000300_rm3930364160_1964-3-9_2007.jpg
0,41,00/nm0000300_rm3991836928_1964-3-9_2005.jpg
0,42,00/nm0000300_rm4002913024_1964-3-9_2006.jpg
0,50,00/nm0000300_rm4038577920_1964-3-9_2014.jpg
0,47,00/nm0000300_rm4060001280_1964-3-9_2011.jpg
0,38,00/nm0000300_rm407149056_1964-3-9_2002.jpg
0,43,00/nm0000300_rm4077623296_1964-3-9_2007.jpg
0,50,00/nm0000300_rm4172795648_1964-3-9_2014.jpg
0,38,00/nm0000300_rm4176517120_1964-3-9_2002.jpg
0,43,00/nm0000300_rm4178286592_1964-3-9_2007.jpg
0,50,00/nm0000300_rm4189572864_1964-3-9_2014.jpg
0,47,00/nm0000300_rm4194219008_1964-3-9_2011.jpg
0,33,00/nm0000300_rm4199127552_1964-3-9_1997.jpg
0,33,00/nm0000300_rm4215904768_1964-3-9_1997.jpg
0,33,00/nm0000300_rm4266236416_1964-3-9_1997.jpg
0,47,00/nm0000300_rm50772992_1964-3-9_2011.jpg
0,50,00/nm0000300_rm550030848_1964-3-9_2014.jpg
0,41,00/nm0000300_rm820287744_1964-3-9_2005.jpg
0,50,00/nm0000300_rm837469952_1964-3-9_2014.jpg
0,50,00/nm0000300_rm854247168_1964-3-9_2014.jpg
0,47,00/nm0000300_rm855227648_1964-3-9_2011.jpg
0,39,00/nm0000400_rm2557778688_1958-3-9_1997.jpg
0,38,00/nm0000400_rm3005922048_1958-3-9_1996.jpg
0,38,00/nm0000400_rm3056253696_1958-3-9_1996.jpg
0,38,00/nm0000400_rm3173694208_1958-3-9_1996.jpg
0,38,00/nm0000400_rm3190471424_1958-3-9_1996.jpg
1,54,00/nm0000500_rm0717312_1960-7-30_2015.jpg
1,54,00/nm0000500_rm101383936_1960-7-30_2015.jpg
1,50,00/nm0000500_rm1317581824_1960-7-30_2011.jpg
1,44,00/nm0000500_rm1773770752_1960-7-30_2005.jpg
1,50,00/nm0000500_rm1916384768_1960-7-30_2011.jpg
1,45,00/nm0000500_rm2345900288_1960-7-30_2006.jpg
1,45,00/nm0000500_rm2446563584_1960-7-30_2006.jpg
1,50,00/nm0000500_rm2522988032_1960-7-30_2011.jpg
1,50,00/nm0000500_rm2606874112_1960-7-30_2011.jpg
1,45,00/nm0000500_rm2631112960_1960-7-30_2006.jpg
1,52,00/nm0000500_rm2880233216_1960-7-30_2013.jpg
1,53,00/nm0000500_rm2990866176_1960-7-30_2014.jpg
1,52,00/nm0000500_rm3078922240_1960-7-30_2013.jpg
1,42,00/nm0000500_rm3137968128_1960-7-30_2003.jpg
1,47,00/nm0000500_rm314545152_1960-7-30_2008.jpg
1,52,00/nm0000500_rm3369969152_1960-7-30_2013.jpg
1,54,00/nm0000500_rm3406429952_1960-7-30_2015.jpg
1,54,00/nm0000500_rm3409379072_1960-7-30_2015.jpg
1,54,00/nm0000500_rm3423465984_1960-7-30_2015.jpg
1,52,00/nm0000500_rm3453855232_1960-7-30_2013.jpg
1,54,00/nm0000500_rm3532713984_1960-7-30_2015.jpg
1,47,00/nm0000500_rm3566767616_1960-7-30_2008.jpg
1,54,00/nm0000500_rm3607756544_1960-7-30_2015.jpg
1,53,00/nm0000500_rm3927627264_1960-7-30_2014.jpg
1,52,00/nm0000500_rm4136157696_1960-7-30_2013.jpg
1,47,00/nm0000500_rm4170747392_1960-7-30_2008.jpg
1,47,00/nm0000500_rm4187524608_1960-7-30_2008.jpg
1,52,00/nm0000500_rm61252096_1960-7-30_2013.jpg
1,40,00/nm0000500_rm673880832_1960-7-30_2001.jpg
1,40,00/nm0000500_rm925539072_1960-7-30_2001.jpg
1,49,00/nm0000600_rm1004177408_1959-10-23_2009.jpg
1,47,00/nm0000600_rm1318492672_1959-10-23_2007.jpg
1,49,00/nm0000600_rm1502251776_1959-10-23_2009.jpg
1,32,00/nm0000600_rm1596296704_1959-10-23_1992.jpg
1,47,00/nm0000600_rm2819725312_1959-10-23_2007.jpg
1,47,00/nm0000600_rm2886834176_1959-10-23_2007.jpg
1,47,00/nm0000600_rm2903611392_1959-10-23_2007.jpg
1,49,00/nm0000600_rm3023476480_1959-10-23_2009.jpg
1,44,00/nm0000600_rm3181484032_1959-10-23_2004.jpg
1,30,00/nm0000600_rm3305868800_1959-10-23_1990.jpg
1,39,00/nm0000600_rm3879702016_1959-10-23_1999.jpg
1,53,00/nm0000600_rm4041190144_1959-10-23_2013.jpg
1,38,00/nm0000600_rm4178745344_1959-10-23_1998.jpg
1,47,00/nm0000600_rm4204108288_1959-10-23_2007.jpg
1,53,00/nm0000600_rm534358784_1959-10-23_2013.jpg
1,49,00/nm0000600_rm64653312_1959-10-23_2009.jpg
1,47,00/nm0000600_rm647207424_1959-10-23_2007.jpg
1,49,00/nm0000600_rm819628032_1959-10-23_2009.jpg
1,49,00/nm0000600_rm920291328_1959-10-23_2009.jpg
1,47,00/nm0000600_rm938777344_1959-10-23_2007.jpg
1,27,00/nm0000600_rm986034688_1959-10-23_1987.jpg
0,53,00/nm0000700_rm1299878912_1955-5-16_2008.jpg
0,53,00/nm0000700_rm1312535296_1955-5-16_2008.jpg
0,53,00/nm0000700_rm1760134912_1955-5-16_2008.jpg
0,46,00/nm0000700_rm1793300736_1955-5-16_2001.jpg
0,40,00/nm0000700_rm1796312576_1955-5-16_1995.jpg
0,53,00/nm0000700_rm1810466560_1955-5-16_2008.jpg
0,28,00/nm0000700_rm1872678400_1955-5-16_1983.jpg
0,28,00/nm0000700_rm1923010048_1955-5-16_1983.jpg
0,28,00/nm0000700_rm1973341696_1955-5-16_1983.jpg
0,40,00/nm0000700_rm2018810112_1955-5-16_1995.jpg
0,46,00/nm0000700_rm271096320_1955-5-16_2001.jpg
0,46,00/nm0000700_rm287873536_1955-5-16_2001.jpg
0,35,00/nm0000700_rm3022098176_1955-5-16_1990.jpg
0,46,00/nm0000700_rm304650752_1955-5-16_2001.jpg
0,46,00/nm0000700_rm321427968_1955-5-16_2001.jpg
0,27,00/nm0000700_rm3261971456_1955-5-16_1982.jpg
0,56,00/nm0000700_rm3332553472_1955-5-16_2011.jpg
0,46,00/nm0000700_rm338205184_1955-5-16_2001.jpg
0,27,00/nm0000700_rm3480075264_1955-5-16_1982.jpg
0,46,00/nm0000700_rm388536832_1955-5-16_2001.jpg
0,53,00/nm0000700_rm3892549376_1955-5-16_2008.jpg
0,33,00/nm0000700_rm3924329728_1955-5-16_1988.jpg
0,46,00/nm0000700_rm3977812736_1955-5-16_2001.jpg
0,46,00/nm0000700_rm3994589952_1955-5-16_2001.jpg
0,59,00/nm0000700_rm406845440_1955-5-16_2014.jpg
0,56,00/nm0000700_rm4176197888_1955-5-16_2011.jpg
0,46,00/nm0000700_rm522754560_1955-5-16_2001.jpg
0,27,00/nm0000700_rm573804032_1955-5-16_1982.jpg
0,27,00/nm0000700_rm607358464_1955-5-16_1982.jpg
0,27,00/nm0000700_rm624135680_1955-5-16_1982.jpg
0,54,00/nm0000700_rm805669376_1955-5-16_2009.jpg
0,35,00/nm0000700_rm940934400_1955-5-16_1990.jpg
1,45,00/nm0000800_rm1075025920_1949-10-4_1995.jpg
1,59,00/nm0000800_rm1083803904_1949-10-4_2009.jpg
1,40,00/nm0000800_rm1965198848_1949-10-4_1990.jpg
1,50,00/nm0000800_rm1972869632_1949-10-4_2000.jpg
1,50,00/nm0000800_rm1989646848_1949-10-4_2000.jpg
1,59,00/nm0000800_rm20087808_1949-10-4_2009.jpg
1,57,00/nm0000800_rm2302903808_1949-10-4_2007.jpg
1,43,00/nm0000800_rm2503511552_1949-10-4_1993.jpg
1,60,00/nm0000800_rm4037709056_1949-10-4_2010.jpg
1,60,00/nm0000800_rm4054486272_1949-10-4_2010.jpg
1,60,00/nm0000800_rm4071263488_1949-10-4_2010.jpg
1,42,00/nm0000800_rm457355264_1949-10-4_1992.jpg
1,42,00/nm0000800_rm490909696_1949-10-4_1992.jpg
1,59,00/nm0000800_rm643471104_1949-10-4_2009.jpg
0,61,00/nm0001100_rm1052482304_1943-2-3_2004.jpg
0,61,00/nm0001100_rm1069259520_1943-2-3_2004.jpg
0,67,00/nm0001100_rm1290713600_1943-2-3_2010.jpg
0,67,00/nm0001100_rm1391376896_1943-2-3_2010.jpg
0,65,00/nm0001100_rm1407224576_1943-2-3_2008.jpg
0,72,00/nm0001100_rm1450900992_1943-2-3_2015.jpg
0,64,00/nm0001100_rm1479383808_1943-2-3_2007.jpg
0,67,00/nm0001100_rm1586529280_1943-2-3_2010.jpg
0,69,00/nm0001100_rm1640674304_1943-2-3_2012.jpg
0,69,00/nm0001100_rm1674228736_1943-2-3_2012.jpg
0,69,00/nm0001100_rm1717679872_1943-2-3_2012.jpg
0,67,00/nm0001100_rm1850246144_1943-2-3_2010.jpg
0,72,00/nm0001100_rm1994849536_1943-2-3_2015.jpg
0,61,00/nm0001100_rm204118016_1943-2-3_2004.jpg
0,33,00/nm0001100_rm2052621568_1943-2-3_1976.jpg
0,68,00/nm0001100_rm2139536896_1943-2-3_2011.jpg
0,65,00/nm0001100_rm2190052096_1943-2-3_2008.jpg
0,56,00/nm0001100_rm2204801792_1943-2-3_1999.jpg
0,56,00/nm0001100_rm2238356224_1943-2-3_1999.jpg
0,68,00/nm0001100_rm2254090752_1943-2-3_2011.jpg
0,68,00/nm0001100_rm2304422400_1943-2-3_2011.jpg
0,68,00/nm0001100_rm2321199616_1943-2-3_2011.jpg
0,64,00/nm0001100_rm2334823936_1943-2-3_2007.jpg
0,68,00/nm0001100_rm2351805184_1943-2-3_2011.jpg
0,68,00/nm0001100_rm2405085696_1943-2-3_2011.jpg
0,36,00/nm0001100_rm2470235136_1943-2-3_1979.jpg
0,68,00/nm0001100_rm2539303424_1943-2-3_2011.jpg
0,69,00/nm0001100_rm2573317888_1943-2-3_2012.jpg
0,69,00/nm0001100_rm2837031424_1943-2-3_2012.jpg
0,61,00/nm0001100_rm312249600_1943-2-3_2004.jpg
0,61,00/nm0001100_rm3147599104_1943-2-3_2004.jpg
0,63,00/nm0001100_rm3260914176_1943-2-3_2006.jpg
0,63,00/nm0001100_rm3404962048_1943-2-3_2006.jpg
0,54,00/nm0001100_rm3577851904_1943-2-3_1997.jpg
0,69,00/nm0001100_rm3725768448_1943-2-3_2012.jpg
0,68,00/nm0001100_rm3903699456_1943-2-3_2011.jpg
0,68,00/nm0001100_rm3918576384_1943-2-3_2011.jpg
0,63,00/nm0001100_rm4042496256_1943-2-3_2006.jpg
0,68,00/nm0001100_rm4270897920_1943-2-3_2011.jpg
0,63,00/nm0001100_rm4294154496_1943-2-3_2006.jpg
0,68,00/nm0001100_rm566330368_1943-2-3_2011.jpg
0,68,00/nm0001100_rm784186624_1943-2-3_2011.jpg
0,61,00/nm0001100_rm817601280_1943-2-3_2004.jpg
1,61,00/nm0001200_rm83095808_1953-6-12_2014.jpg
0,35,00/nm0001400_rm3430128128_1965-9-9_2001.jpg
0,35,00/nm0001400_rm3446905344_1965-9-9_2001.jpg
0,35,00/nm0001400_rm3463682560_1965-9-9_2001.jpg
0,35,00/nm0001400_rm3480459776_1965-9-9_2001.jpg
0,18,00/nm0001400_rm3909387264_1965-9-9_1984.jpg
0,18,00/nm0001400_rm3926164480_1965-9-9_1984.jpg
0,18,00/nm0001400_rm4127491072_1965-9-9_1984.jpg
1,70,00/nm0001500_rm1092193792_1912-3-22_1982.jpg
1,70,00/nm0001500_rm1276743168_1912-3-22_1982.jpg
1,60,00/nm0001500_rm1281738752_1912-3-22_1972.jpg
1,70,00/nm0001500_rm1293520384_1912-3-22_1982.jpg
1,70,00/nm0001500_rm1327074816_1912-3-22_1982.jpg
1,60,00/nm0001500_rm1415956480_1912-3-22_1972.jpg
1,29,00/nm0001600_rm3614226944_1959-5-29_1988.jpg
1,67,00/nm0001800_rm1728354304_1931-2-6_1998.jpg
1,75,00/nm0001800_rm1898026496_1931-2-6_2006.jpg
1,62,00/nm0001800_rm2141829888_1931-2-6_1993.jpg
1,77,00/nm0001800_rm3332740864_1931-2-6_2008.jpg
1,66,00/nm0001800_rm3524296704_1931-2-6_1997.jpg
1,64,00/nm0001800_rm3573716992_1931-2-6_1995.jpg
1,53,00/nm0001800_rm36933120_1931-2-6_1984.jpg
1,75,00/nm0001800_rm3741882368_1931-2-6_2006.jpg
1,53,00/nm0001800_rm4281568768_1931-2-6_1984.jpg
1,73,00/nm0001800_rm476682752_1931-2-6_2004.jpg
0,30,00/nm0002100_rm1261535744_1975-6-18_2005.jpg
0,30,00/nm0002100_rm1831961088_1975-6-18_2005.jpg
0,30,00/nm0002100_rm1848738304_1975-6-18_2005.jpg
0,34,00/nm0002100_rm2782169088_1975-6-18_2009.jpg
0,34,00/nm0002100_rm2933164032_1975-6-18_2009.jpg
0,32,00/nm0002100_rm3058668032_1975-6-18_2007.jpg
0,32,00/nm0002100_rm3974270976_1975-6-18_2007.jpg
0,36,00/nm0002100_rm985837568_1975-6-18_2011.jpg
1,43,00/nm0002700_rm1831457280_1970-1-11_2013.jpg
1,38,00/nm0002700_rm247246848_1970-1-11_2008.jpg
1,43,00/nm0002700_rm3663700224_1970-1-11_2013.jpg
1,38,00/nm0002700_rm431201024_1970-1-11_2008.jpg
1,38,00/nm0002700_rm447978240_1970-1-11_2008.jpg
1,38,00/nm0002700_rm464755456_1970-1-11_2008.jpg
0,11,00/nm0004700_rm2095040768_1979-1-24_1990.jpg
0,29,00/nm0004700_rm2454296320_1979-1-24_2008.jpg
0,11,00/nm0004700_rm2715797760_1979-1-24_1990.jpg
0,29,00/nm0004700_rm3087242752_1979-1-24_2008.jpg
0,31,00/nm0004700_rm4060709376_1979-1-24_2010.jpg
0,27,00/nm0004700_rm456103936_1979-1-24_2006.jpg
0,30,00/nm0004700_rm530091264_1979-1-24_2009.jpg
0,11,00/nm0004700_rm652200192_1979-1-24_1990.jpg
0,28,00/nm0004800_rm1251987456_1976-8-9_2005.jpg
0,28,00/nm0004800_rm1289258752_1976-8-9_2005.jpg
0,28,00/nm0004800_rm1734385664_1976-8-9_2005.jpg
0,34,00/nm0004800_rm1820769792_1976-8-9_2011.jpg
0,28,00/nm0004800_rm1824951808_1976-8-9_2005.jpg
0,28,00/nm0004800_rm1875283456_1976-8-9_2005.jpg
0,28,00/nm0004800_rm1886510848_1976-8-9_2005.jpg
0,28,00/nm0004800_rm1952416000_1976-8-9_2005.jpg
0,28,00/nm0004800_rm1959169536_1976-8-9_2005.jpg
0,28,00/nm0004800_rm1988265728_1976-8-9_2005.jpg
0,28,00/nm0004800_rm1992723968_1976-8-9_2005.jpg
0,28,00/nm0004800_rm2033568256_1976-8-9_2005.jpg
0,28,00/nm0004800_rm2057482752_1976-8-9_2005.jpg
0,28,00/nm0004800_rm2175641088_1976-8-9_2005.jpg
0,22,00/nm0004800_rm2200345088_1976-8-9_1999.jpg
0,28,00/nm0004800_rm2209195520_1976-8-9_2005.jpg
0,34,00/nm0004800_rm222737152_1976-8-9_2011.jpg
0,32,00/nm0004800_rm222988800_1976-8-9_2009.jpg
0,22,00/nm0004800_rm2233899520_1976-8-9_1999.jpg
0,28,00/nm0004800_rm238664448_1976-8-9_2005.jpg
0,28,00/nm0004800_rm2654777600_1976-8-9_2005.jpg
0,28,00/nm0004800_rm2659830272_1976-8-9_2005.jpg
0,28,00/nm0004800_rm2733093376_1976-8-9_2005.jpg
0,28,00/nm0004800_rm2786234112_1976-8-9_2005.jpg
0,28,00/nm0004800_rm2787281920_1976-8-9_2005.jpg
0,28,00/nm0004800_rm2796651776_1976-8-9_2005.jpg
0,28,00/nm0004800_rm2838874624_1976-8-9_2005.jpg
0,28,00/nm0004800_rm2839519232_1976-8-9_2005.jpg
0,28,00/nm0004800_rm2899216384_1976-8-9_2005.jpg
0,28,00/nm0004800_rm2932770816_1976-8-9_2005.jpg
0,28,00/nm0004800_rm2973736960_1976-8-9_2005.jpg
0,28,00/nm0004800_rm3059873792_1976-8-9_2005.jpg
0,22,00/nm0004800_rm3127548672_1976-8-9_1999.jpg
0,22,00/nm0004800_rm3144325888_1976-8-9_1999.jpg
0,28,00/nm0004800_rm3145638656_1976-8-9_2005.jpg
0,28,00/nm0004800_rm3168647424_1976-8-9_2005.jpg
0,28,00/nm0004800_rm3186080256_1976-8-9_2005.jpg
0,28,00/nm0004800_rm3337673728_1976-8-9_2005.jpg
0,28,00/nm0004800_rm3484844544_1976-8-9_2005.jpg
0,28,00/nm0004800_rm3536427008_1976-8-9_2005.jpg
0,24,00/nm0004800_rm3641678336_1976-8-9_2001.jpg
0,24,00/nm0004800_rm3658455552_1976-8-9_2001.jpg
0,28,00/nm0004800_rm3753280000_1976-8-9_2005.jpg
0,32,00/nm0004800_rm3784935424_1976-8-9_2009.jpg
0,32,00/nm0004800_rm3801712640_1976-8-9_2009.jpg
0,23,00/nm0004800_rm4030306816_1976-8-9_2000.jpg
0,23,00/nm0004800_rm4047084032_1976-8-9_2000.jpg
0,23,00/nm0004800_rm4063861248_1976-8-9_2000.jpg
0,23,00/nm0004800_rm4080638464_1976-8-9_2000.jpg
0,25,00/nm0004800_rm4195260928_1976-8-9_2002.jpg
0,23,00/nm0004800_rm4265187840_1976-8-9_2000.jpg
0,23,00/nm0004800_rm4281965056_1976-8-9_2000.jpg
0,28,00/nm0004800_rm537179136_1976-8-9_2005.jpg
0,28,00/nm0004800_rm704951296_1976-8-9_2005.jpg
0,28,00/nm0004800_rm826252032_1976-8-9_2005.jpg
0,28,00/nm0004800_rm843029248_1976-8-9_2005.jpg
0,28,00/nm0004800_rm859806464_1976-8-9_2005.jpg
1,44,00/nm0004900_rm2712769536_1963-7-22_2008.jpg
1,44,00/nm0004900_rm3149695488_1963-7-22_2008.jpg
1,44,00/nm0004900_rm3166472704_1963-7-22_2008.jpg
1,44,00/nm0004900_rm3187971840_1963-7-22_2008.jpg
1,45,00/nm0004900_rm3201029888_1963-7-22_2009.jpg
1,47,00/nm0005000_rm1475868416_1968-5-12_2015.jpg
1,40,00/nm0005000_rm1619957504_1968-5-12_2008.jpg
1,40,00/nm0005000_rm1687066368_1968-5-12_2008.jpg
1,45,00/nm0005000_rm1955373568_1968-5-12_2013.jpg
1,34,00/nm0005000_rm2143787776_1968-5-12_2002.jpg
1,38,00/nm0005000_rm2235537920_1968-5-12_2006.jpg
1,38,00/nm0005000_rm2252315136_1968-5-12_2006.jpg
1,41,00/nm0005000_rm274107904_1968-5-12_2009.jpg
1,35,00/nm0005000_rm3099106048_1968-5-12_2003.jpg
1,38,00/nm0005000_rm3336804352_1968-5-12_2006.jpg
1,42,00/nm0005000_rm3361113600_1968-5-12_2010.jpg
1,42,00/nm0005000_rm3487534336_1968-5-12_2010.jpg
1,44,00/nm0005000_rm3826759168_1968-5-12_2012.jpg
1,41,00/nm0005000_rm3938814208_1968-5-12_2009.jpg
1,41,00/nm0005000_rm434342144_1968-5-12_2009.jpg
1,41,00/nm0005000_rm508988928_1968-5-12_2009.jpg
1,41,00/nm0005000_rm89293312_1968-5-12_2009.jpg
1,22,00/nm0005200_rm1099214848_1942-6-18_1964.jpg
1,22,00/nm0005200_rm1300541440_1942-6-18_1964.jpg
1,22,00/nm0005200_rm1317318656_1942-6-18_1964.jpg
1,22,00/nm0005200_rm1652922624_1942-6-18_1964.jpg
1,64,00/nm0005200_rm1892063232_1942-6-18_2006.jpg
1,64,00/nm0005200_rm1908840448_1942-6-18_2006.jpg
1,33,00/nm0005200_rm2061806848_1942-6-18_1975.jpg
1,33,00/nm0005200_rm2112138496_1942-6-18_1975.jpg
1,64,00/nm0005200_rm2126944256_1942-6-18_2006.jpg
1,64,00/nm0005200_rm2143721472_1942-6-18_2006.jpg
1,73,00/nm0005200_rm3608739072_1942-6-18_2015.jpg
1,69,00/nm0005200_rm4060462080_1942-6-18_2011.jpg
1,37,00/nm0005300_rm1856739584_1968-7-7_2006.jpg
1,26,00/nm0005300_rm1926732032_1968-7-7_1995.jpg
1,37,00/nm0005300_rm1957402880_1968-7-7_2006.jpg
1,26,00/nm0005300_rm2077726976_1968-7-7_1995.jpg
1,24,00/nm0005300_rm3862466048_1968-7-7_1993.jpg
1,25,00/nm0005300_rm624659968_1968-7-7_1994.jpg
1,29,00/nm2003700_rm100790784_1985-7-18_2015.jpg
1,21,00/nm2003700_rm1018870016_1985-7-18_2007.jpg
1,23,00/nm2003700_rm1218940416_1985-7-18_2009.jpg
1,22,00/nm2003700_rm1336120832_1985-7-18_2008.jpg
1,21,00/nm2003700_rm1342406912_1985-7-18_2007.jpg
1,21,00/nm2003700_rm1361554944_1985-7-18_2007.jpg
1,21,00/nm2003700_rm1449105152_1985-7-18_2007.jpg
1,23,00/nm2003700_rm1470598656_1985-7-18_2009.jpg
1,21,00/nm2003700_rm14909952_1985-7-18_2007.jpg
1,22,00/nm2003700_rm1504809984_1985-7-18_2008.jpg
1,21,00/nm2003700_rm1508022016_1985-7-18_2007.jpg
1,26,00/nm2003700_rm151041024_1985-7-18_2012.jpg
1,21,00/nm2003700_rm1524799232_1985-7-18_2007.jpg
1,21,00/nm2003700_rm1541576448_1985-7-18_2007.jpg
1,22,00/nm2003700_rm1588696064_1985-7-18_2008.jpg
1,21,00/nm2003700_rm1625522688_1985-7-18_2007.jpg
1,21,00/nm2003700_rm1978445312_1985-7-18_2007.jpg
1,25,00/nm2003700_rm2010886144_1985-7-18_2011.jpg
1,21,00/nm2003700_rm214404352_1985-7-18_2007.jpg
1,21,00/nm2003700_rm2189399808_1985-7-18_2007.jpg
1,24,00/nm2003700_rm2245690368_1985-7-18_2010.jpg
1,24,00/nm2003700_rm2279244800_1985-7-18_2010.jpg
1,21,00/nm2003700_rm2292616448_1985-7-18_2007.jpg
1,21,00/nm2003700_rm2309393664_1985-7-18_2007.jpg
1,21,00/nm2003700_rm231181568_1985-7-18_2007.jpg
1,21,00/nm2003700_rm2364971008_1985-7-18_2007.jpg
1,21,00/nm2003700_rm2381748224_1985-7-18_2007.jpg
1,21,00/nm2003700_rm2393279744_1985-7-18_2007.jpg
1,21,00/nm2003700_rm2398525440_1985-7-18_2007.jpg
1,21,00/nm2003700_rm2415302656_1985-7-18_2007.jpg
1,21,00/nm2003700_rm2519308544_1985-7-18_2007.jpg
1,24,00/nm2003700_rm2551025408_1985-7-18_2010.jpg
1,21,00/nm2003700_rm2619971840_1985-7-18_2007.jpg
1,21,00/nm2003700_rm2628424960_1985-7-18_2007.jpg
1,23,00/nm2003700_rm2651750400_1985-7-18_2009.jpg
1,21,00/nm2003700_rm2653526272_1985-7-18_2007.jpg
1,23,00/nm2003700_rm2668527616_1985-7-18_2009.jpg
1,23,00/nm2003700_rm2685372672_1985-7-18_2009.jpg
1,25,00/nm2003700_rm2704389376_1985-7-18_2011.jpg
1,21,00/nm2003700_rm2780007936_1985-7-18_2007.jpg
1,21,00/nm2003700_rm2805634560_1985-7-18_2007.jpg
1,21,00/nm2003700_rm289048832_1985-7-18_2007.jpg
1,26,00/nm2003700_rm292140800_1985-7-18_2012.jpg
1,22,00/nm2003700_rm296859648_1985-7-18_2008.jpg
1,21,00/nm2003700_rm2988017152_1985-7-18_2007.jpg
1,24,00/nm2003700_rm3104673536_1985-7-18_2010.jpg
1,21,00/nm2003700_rm31098880_1985-7-18_2007.jpg
1,21,00/nm2003700_rm3138360320_1985-7-18_2007.jpg
1,24,00/nm2003700_rm3151660032_1985-7-18_2010.jpg
1,21,00/nm2003700_rm3296037632_1985-7-18_2007.jpg
1,21,00/nm2003700_rm3312814848_1985-7-18_2007.jpg
1,21,00/nm2003700_rm3329592064_1985-7-18_2007.jpg
1,21,00/nm2003700_rm3334441216_1985-7-18_2007.jpg
1,21,00/nm2003700_rm3357051904_1985-7-18_2007.jpg
1,21,00/nm2003700_rm3480458752_1985-7-18_2007.jpg
1,21,00/nm2003700_rm3503987456_1985-7-18_2007.jpg
1,21,00/nm2003700_rm3512765184_1985-7-18_2007.jpg
1,21,00/nm2003700_rm3544691456_1985-7-18_2007.jpg
1,22,00/nm2003700_rm355374080_1985-7-18_2008.jpg
1,21,00/nm2003700_rm3706360832_1985-7-18_2007.jpg
1,22,00/nm2003700_rm372151296_1985-7-18_2008.jpg
1,21,00/nm2003700_rm3723138048_1985-7-18_2007.jpg
1,21,00/nm2003700_rm3730868992_1985-7-18_2007.jpg
1,21,00/nm2003700_rm3777795840_1985-7-18_2007.jpg
1,21,00/nm2003700_rm3794573056_1985-7-18_2007.jpg
1,21,00/nm2003700_rm3811350272_1985-7-18_2007.jpg
1,21,00/nm2003700_rm3876424448_1985-7-18_2007.jpg
1,22,00/nm2003700_rm3902969344_1985-7-18_2008.jpg
1,22,00/nm2003700_rm3919746560_1985-7-18_2008.jpg
1,21,00/nm2003700_rm4011638016_1985-7-18_2007.jpg
1,22,00/nm2003700_rm4178351872_1985-7-18_2008.jpg
1,21,00/nm2003700_rm441223936_1985-7-18_2007.jpg
1,21,00/nm2003700_rm458001152_1985-7-18_2007.jpg
1,22,00/nm2003700_rm483235072_1985-7-18_2008.jpg
1,21,00/nm2003700_rm526627584_1985-7-18_2007.jpg
1,21,00/nm2003700_rm570340096_1985-7-18_2007.jpg
1,20,00/nm2003700_rm665360640_1985-7-18_2006.jpg
1,21,00/nm2003700_rm669750272_1985-7-18_2007.jpg
1,29,00/nm2003700_rm673117952_1985-7-18_2015.jpg
1,21,00/nm2003700_rm703304704_1985-7-18_2007.jpg
1,21,00/nm2003700_rm82018816_1985-7-18_2007.jpg
1,32,00/nm2007000_rm529988864_1981-9-15_2014.jpg
1,31,00/nm2007000_rm859502592_1981-9-15_2013.jpg
1,31,00/nm0108400_rm1003157248_1933-3-30_1964.jpg
0,14,00/nm3108800_rm2370606080_1988-9-4_2003.jpg
0,14,00/nm3108800_rm2538378240_1988-9-4_2003.jpg
0,14,00/nm3108800_rm2875626496_1988-9-4_2003.jpg
0,14,00/nm3108800_rm3092026368_1988-9-4_2003.jpg
1,66,00/nm0304000_rm1409061376_1940-4-20_2006.jpg
1,52,00/nm0304000_rm3006828032_1940-4-20_1992.jpg
1,55,00/nm0304000_rm3945642752_1940-4-20_1995.jpg
0,23,00/nm0500200_rm1041414144_1982-4-10_2005.jpg
0,23,00/nm0500200_rm1494388480_1982-4-10_2005.jpg
0,23,00/nm0500200_rm1617670144_1982-4-10_2005.jpg
0,23,00/nm0500200_rm1803716352_1982-4-10_2005.jpg
0,23,00/nm0500200_rm1815382272_1982-4-10_2005.jpg
0,23,00/nm0500200_rm1820493568_1982-4-10_2005.jpg
0,23,00/nm0500200_rm188975360_1982-4-10_2005.jpg
0,23,00/nm0500200_rm205752576_1982-4-10_2005.jpg
0,23,00/nm0500200_rm22327808_1982-4-10_2005.jpg
0,23,00/nm0500200_rm2568132608_1982-4-10_2005.jpg
0,23,00/nm0500200_rm2584909824_1982-4-10_2005.jpg
0,23,00/nm0500200_rm2617087232_1982-4-10_2005.jpg
0,23,00/nm0500200_rm2671554816_1982-4-10_2005.jpg
0,28,00/nm0500200_rm2724247552_1982-4-10_2010.jpg
0,23,00/nm0500200_rm2769456896_1982-4-10_2005.jpg
0,23,00/nm0500200_rm2790242560_1982-4-10_2005.jpg
0,28,00/nm0500200_rm2875242496_1982-4-10_2010.jpg
0,28,00/nm0500200_rm2892019712_1982-4-10_2010.jpg
0,23,00/nm0500200_rm3334060544_1982-4-10_2005.jpg
0,23,00/nm0500200_rm3363933952_1982-4-10_2005.jpg
0,23,00/nm0500200_rm3411851008_1982-4-10_2005.jpg
0,25,00/nm0500200_rm3623400960_1982-4-10_2007.jpg
0,23,00/nm0500200_rm3640178176_1982-4-10_2005.jpg
0,23,00/nm0500200_rm3690509824_1982-4-10_2005.jpg
0,23,00/nm0500200_rm3790181632_1982-4-10_2005.jpg
0,23,00/nm0500200_rm3806958848_1982-4-10_2005.jpg
0,23,00/nm0500200_rm3846738944_1982-4-10_2005.jpg
0,32,00/nm0500200_rm3893939456_1982-4-10_2014.jpg
0,23,00/nm0500200_rm3914827264_1982-4-10_2005.jpg
0,32,00/nm0500200_rm3927493888_1982-4-10_2014.jpg
0,32,00/nm0500200_rm3944271104_1982-4-10_2014.jpg
0,23,00/nm0500200_rm3994195968_1982-4-10_2005.jpg
0,23,00/nm0500200_rm4010973184_1982-4-10_2005.jpg
0,32,00/nm0500200_rm4044934400_1982-4-10_2014.jpg
0,32,00/nm0500200_rm4095266048_1982-4-10_2014.jpg
0,32,00/nm0500200_rm4112043264_1982-4-10_2014.jpg
0,32,00/nm0500200_rm4128820480_1982-4-10_2014.jpg
0,23,00/nm0500200_rm700552448_1982-4-10_2005.jpg
0,23,00/nm0500200_rm707105792_1982-4-10_2005.jpg
0,23,00/nm0500200_rm814321152_1982-4-10_2005.jpg
0,23,00/nm0500200_rm847875584_1982-4-10_2005.jpg
0,23,00/nm0500200_rm936084736_1982-4-10_2005.jpg
0,23,00/nm0500200_rm948538880_1982-4-10_2005.jpg
0,23,00/nm0500200_rm998870528_1982-4-10_2005.jpg
0,31,00/nm0504300_rm4106786816_1969-9-16_2001.jpg
0,31,00/nm0504300_rm4123564032_1969-9-16_2001.jpg
0,31,00/nm0504300_rm4140341248_1969-9-16_2001.jpg
1,54,00/nm0600800_rm3991313152_1949-10-6_2004.jpg
0,34,00/nm0606700_rm1023318272_1969-1-28_2003.jpg
0,34,00/nm0606700_rm1056872704_1969-1-28_2003.jpg
0,41,00/nm0606700_rm1075219968_1969-1-28_2010.jpg
0,36,00/nm0606700_rm1136761600_1969-1-28_2005.jpg
0,36,00/nm0606700_rm1170316032_1969-1-28_2005.jpg
0,34,00/nm0606700_rm1176605440_1969-1-28_2003.jpg
0,40,00/nm0606700_rm1206487296_1969-1-28_2009.jpg
0,42,00/nm0606700_rm1231206400_1969-1-28_2011.jpg
0,34,00/nm0606700_rm1653184256_1969-1-28_2003.jpg
0,34,00/nm0606700_rm1686738688_1969-1-28_2003.jpg
0,34,00/nm0606700_rm1720293120_1969-1-28_2003.jpg
0,40,00/nm0606700_rm2294384640_1969-1-28_2009.jpg
0,34,00/nm0606700_rm2297337856_1969-1-28_2003.jpg
0,34,00/nm0606700_rm2314115072_1969-1-28_2003.jpg
0,34,00/nm0606700_rm2566690816_1969-1-28_2003.jpg
0,34,00/nm0606700_rm2583468032_1969-1-28_2003.jpg
0,38,00/nm0606700_rm2723715328_1969-1-28_2007.jpg
0,38,00/nm0606700_rm2906954240_1969-1-28_2007.jpg
0,38,00/nm0606700_rm3422066688_1969-1-28_2007.jpg
0,31,00/nm0606700_rm3493435904_1969-1-28_2000.jpg
0,33,00/nm0606700_rm36015104_1969-1-28_2002.jpg
0,34,00/nm0606700_rm445224704_1969-1-28_2003.jpg
0,34,00/nm0606700_rm462001920_1969-1-28_2003.jpg
0,34,00/nm0606700_rm478779136_1969-1-28_2003.jpg
0,34,00/nm0606700_rm594122496_1969-1-28_2003.jpg
0,34,00/nm0606700_rm721328384_1969-1-28_2003.jpg
0,34,00/nm0606700_rm738105600_1969-1-28_2003.jpg
0,33,00/nm0606700_rm7707136_1969-1-28_2002.jpg
0,34,00/nm0606700_rm838768896_1969-1-28_2003.jpg
0,34,00/nm0606700_rm889100544_1969-1-28_2003.jpg
0,41,00/nm0606700_rm974556672_1969-1-28_2010.jpg
1,59,00/nm0701500_rm2709112832_1920-5-11_1979.jpg
1,49,00/nm0703800_rm31823616_1959-6-6_2008.jpg
1,50,00/nm0703800_rm3762063616_1959-6-6_2009.jpg
1,56,00/nm0703800_rm3938682368_1959-6-6_2015.jpg
1,56,00/nm0703800_rm4085049856_1959-6-6_2015.jpg
1,56,00/nm0703800_rm444920320_1959-6-6_2015.jpg
1,43,00/nm0807900_rm1316271616_1963-9-8_2007.jpg
1,38,00/nm0807900_rm2247596032_1963-9-8_2002.jpg
0,27,00/nm1801800_rm1033413888_1983-7-22_2011.jpg
0,27,00/nm1801800_rm1542118144_1983-7-22_2011.jpg
0,27,00/nm1801800_rm1558895360_1983-7-22_2011.jpg
0,27,00/nm1801800_rm2291769600_1983-7-22_2011.jpg
0,29,00/nm1801800_rm239981568_1983-7-22_2013.jpg
0,27,00/nm1801800_rm2733300480_1983-7-22_2011.jpg
0,27,00/nm1801800_rm2850740992_1983-7-22_2011.jpg
0,27,00/nm1801800_rm3068844800_1983-7-22_2011.jpg
0,27,00/nm1801800_rm3539972864_1983-7-22_2011.jpg
0,27,00/nm1801800_rm3694637568_1983-7-22_2011.jpg
0,26,00/nm1801800_rm3711402752_1983-7-22_2010.jpg
0,26,00/nm1801800_rm3728179968_1983-7-22_2010.jpg
0,27,00/nm1801800_rm4077763584_1983-7-22_2011.jpg
0,29,00/nm1801800_rm441308160_1983-7-22_2013.jpg
0,26,00/nm1801800_rm496795648_1983-7-22_2010.jpg
0,27,00/nm1801800_rm602977024_1983-7-22_2011.jpg
0,26,00/nm1801800_rm604537600_1983-7-22_2010.jpg
0,26,00/nm1801800_rm949256192_1983-7-22_2010.jpg
0,29,00/nm1801800_rm961401856_1983-7-22_2013.jpg
0,26,00/nm1801800_rm966033408_1983-7-22_2010.jpg
1,48,00/nm1807200_rm3473575424_1942-1-19_1990.jpg
0,32,00/nm0014800_rm3922327296_1938-5-15_1970.jpg
0,26,00/nm0014800_rm4040750848_1938-5-15_1964.jpg
0,32,00/nm0014800_rm4106876672_1938-5-15_1970.jpg
0,32,00/nm0014800_rm4224317184_1938-5-15_1970.jpg
1,42,00/nm0110300_rm1539147008_1966-10-18_2009.jpg
1,49,00/nm0112400_rm1285138688_1963-0-0_2012.jpg
1,49,00/nm0112400_rm1586015232_1963-0-0_2012.jpg
1,51,00/nm0112400_rm2177826304_1963-0-0_2014.jpg
1,49,00/nm0112400_rm3948850176_1963-0-0_2012.jpg
1,64,00/nm0213100_rm386960384_1944-11-30_2009.jpg
0,27,00/nm1214700_rm259303936_1984-12-11_2012.jpg
0,23,00/nm1214700_rm3719268608_1984-12-11_2008.jpg
1,33,00/nm1215600_rm1176881920_1981-5-13_2014.jpg
0,25,00/nm1317000_rm1583058176_1985-2-5_2010.jpg
0,22,00/nm1317000_rm1596955136_1985-2-5_2007.jpg
0,23,00/nm1317000_rm2190448128_1985-2-5_2008.jpg
0,20,00/nm1317000_rm2303040256_1985-2-5_2005.jpg
0,20,00/nm1317000_rm2319817472_1985-2-5_2005.jpg
0,22,00/nm1317000_rm2471663616_1985-2-5_2007.jpg
0,26,00/nm1317000_rm470268672_1985-2-5_2011.jpg
0,29,00/nm1416900_rm1008651776_1985-7-25_2015.jpg
0,17,00/nm1416900_rm1716881664_1985-7-25_2003.jpg
0,17,00/nm1416900_rm2007281920_1985-7-25_2003.jpg
0,23,00/nm1416900_rm2327152896_1985-7-25_2009.jpg
0,23,00/nm1416900_rm2360707328_1985-7-25_2009.jpg
0,23,00/nm1416900_rm2377484544_1985-7-25_2009.jpg
0,23,00/nm1416900_rm2394261760_1985-7-25_2009.jpg
0,28,00/nm1416900_rm2772159744_1985-7-25_2014.jpg
0,17,00/nm1416900_rm3116206336_1985-7-25_2003.jpg
0,17,00/nm1416900_rm3138226432_1985-7-25_2003.jpg
0,28,00/nm1416900_rm3437537024_1985-7-25_2014.jpg
0,23,00/nm1416900_rm4141254912_1985-7-25_2009.jpg
0,17,00/nm1416900_rm4174689792_1985-7-25_2003.jpg
1,18,00/nm4415900_rm1727778560_1993-9-9_2012.jpg
1,21,00/nm4415900_rm1778110208_1993-9-9_2015.jpg
1,17,00/nm4415900_rm2266230784_1993-9-9_2011.jpg
1,21,00/nm4415900_rm2350116864_1993-9-9_2015.jpg
1,18,00/nm4415900_rm2581588480_1993-9-9_2012.jpg
1,18,00/nm4415900_rm2967464448_1993-9-9_2012.jpg
1,20,00/nm4415900_rm3269454336_1993-9-9_2014.jpg
1,20,00/nm4415900_rm3386894848_1993-9-9_2014.jpg
1,20,00/nm4415900_rm3487558144_1993-9-9_2014.jpg
1,21,00/nm4415900_rm3588221440_1993-9-9_2015.jpg
1,17,00/nm4415900_rm3739216384_1993-9-9_2011.jpg
1,20,00/nm4415900_rm4158646784_1993-9-9_2014.jpg
1,20,00/nm4415900_rm4192201216_1993-9-9_2014.jpg
1,20,00/nm4415900_rm4292864512_1993-9-9_2014.jpg
1,18,00/nm4415900_rm486264576_1993-9-9_2012.jpg
0,21,00/nm4416000_rm1070593536_1994-2-21_2015.jpg
0,19,00/nm4416000_rm3338643200_1994-2-21_2013.jpg
0,19,00/nm4416000_rm3355420416_1994-2-21_2013.jpg
0,21,00/nm4416000_rm785380864_1994-2-21_2015.jpg
0,46,00/nm0516800_rm2114620928_1944-5-28_1990.jpg
0,32,00/nm0516800_rm3982274560_1944-5-28_1976.jpg
1,28,00/nm1519500_rm29988864_1976-9-3_2005.jpg
1,66,00/nm0619600_rm295016960_1938-12-24_2005.jpg
1,66,00/nm0619600_rm311794176_1938-12-24_2005.jpg
1,28,00/nm0815800_rm1365624832_1943-8-28_1972.jpg
1,45,00/nm0911700_rm1423942656_1941-6-21_1986.jpg
0,15,00/nm0914500_rm2087766016_1975-11-12_1991.jpg
1,19,00/nm0029400_rm1082627584_1987-12-3_2007.jpg
1,19,00/nm0029400_rm1099404800_1987-12-3_2007.jpg
1,22,00/nm0029400_rm111917568_1987-12-3_2010.jpg
1,17,00/nm0029400_rm1207016192_1987-12-3_2005.jpg
1,17,00/nm0029400_rm1311611648_1987-12-3_2005.jpg
1,17,00/nm0029400_rm1328388864_1987-12-3_2005.jpg
1,16,00/nm0029400_rm1672387328_1987-12-3_2004.jpg
1,16,00/nm0029400_rm1689164544_1987-12-3_2004.jpg
1,22,00/nm0029400_rm1747892992_1987-12-3_2010.jpg
1,10,00/nm0029400_rm1800116736_1987-12-3_1998.jpg
1,22,00/nm0029400_rm1915665152_1987-12-3_2010.jpg
1,17,00/nm0029400_rm1992989440_1987-12-3_2005.jpg
1,17,00/nm0029400_rm2009766656_1987-12-3_2005.jpg
1,23,00/nm0029400_rm2022096384_1987-12-3_2011.jpg
1,17,00/nm0029400_rm2029099776_1987-12-3_2005.jpg
1,17,00/nm0029400_rm2045876992_1987-12-3_2005.jpg
1,17,00/nm0029400_rm2062654208_1987-12-3_2005.jpg
1,23,00/nm0029400_rm2072428032_1987-12-3_2011.jpg
1,24,00/nm0029400_rm2232721920_1987-12-3_2012.jpg
1,24,00/nm0029400_rm2266276352_1987-12-3_2012.jpg
1,20,00/nm0029400_rm2953745920_1987-12-3_2008.jpg
1,20,00/nm0029400_rm3188626944_1987-12-3_2008.jpg
1,20,00/nm0029400_rm3328161792_1987-12-3_2008.jpg
1,17,00/nm0029400_rm337615360_1987-12-3_2005.jpg
1,23,00/nm0029400_rm360230912_1987-12-3_2011.jpg
1,17,00/nm0029400_rm371169792_1987-12-3_2005.jpg
1,17,00/nm0029400_rm387947008_1987-12-3_2005.jpg
1,19,00/nm0029400_rm3908933632_1987-12-3_2007.jpg
1,17,00/nm0029400_rm3954678016_1987-12-3_2005.jpg
1,17,00/nm0029400_rm4021786880_1987-12-3_2005.jpg
1,23,00/nm0029400_rm409451520_1987-12-3_2011.jpg
1,19,00/nm0029400_rm4127037440_1987-12-3_2007.jpg
1,19,00/nm0029400_rm4143814656_1987-12-3_2007.jpg
1,19,00/nm0029400_rm4160591872_1987-12-3_2007.jpg
1,25,00/nm0029400_rm43163648_1987-12-3_2013.jpg
1,25,00/nm0029400_rm697083392_1987-12-3_2013.jpg
1,19,00/nm0029400_rm823105536_1987-12-3_2007.jpg
1,19,00/nm0029400_rm856659968_1987-12-3_2007.jpg
1,29,00/nm0121400_rm2237110528_1943-5-24_1972.jpg
1,29,00/nm0121400_rm2304219392_1943-5-24_1972.jpg
1,29,00/nm0121400_rm2388105472_1943-5-24_1972.jpg
1,29,00/nm0121400_rm3449068032_1943-5-24_1972.jpg
1,37,00/nm0124100_rm762676480_1935-11-7_1973.jpg
0,31,00/nm1121600_rm2304882944_1980-1-1_2011.jpg
0,44,00/nm1128600_rm2817389056_1971-3-23_2015.jpg
1,15,00/nm3129800_rm2958854400_1994-3-0_2009.jpg
1,15,00/nm3129800_rm2975631616_1994-3-0_2009.jpg
0,27,00/nm0321800_rm1215791872_1982-11-22_2010.jpg
0,27,00/nm0321800_rm1232569088_1982-11-22_2010.jpg
0,27,00/nm0321800_rm1350009600_1982-11-22_2010.jpg
0,27,00/nm0321800_rm1417118464_1982-11-22_2010.jpg
0,22,00/nm0321800_rm3840802304_1982-11-22_2005.jpg
0,22,00/nm0321800_rm3891133952_1982-11-22_2005.jpg
0,58,00/nm0421300_rm3674266624_1935-5-8_1993.jpg
1,47,00/nm0424800_rm1157863168_1954-9-10_2002.jpg
1,58,00/nm0424800_rm1185534720_1954-9-10_2013.jpg
1,58,00/nm0424800_rm4026782208_1954-9-10_2013.jpg
1,58,00/nm0424800_rm4177777152_1954-9-10_2013.jpg
0,34,00/nm0427700_rm3795824640_1930-4-28_1964.jpg
0,34,00/nm0427700_rm4013928448_1930-4-28_1964.jpg
1,20,00/nm0624900_rm1771885568_1991-9-19_2012.jpg
1,20,00/nm0624900_rm1805440000_1991-9-19_2012.jpg
1,20,00/nm0624900_rm1855771648_1991-9-19_2012.jpg
1,14,00/nm0624900_rm2208027648_1991-9-19_2006.jpg
1,14,00/nm0624900_rm3466253312_1991-9-19_2006.jpg
1,14,00/nm0624900_rm3617248256_1991-9-19_2006.jpg
1,18,00/nm0624900_rm429708288_1991-9-19_2010.jpg
1,40,00/nm0725200_rm1157401344_1966-10-28_2007.jpg
1,43,00/nm0725200_rm1162184192_1966-10-28_2010.jpg
1,43,00/nm0725200_rm1178961408_1966-10-28_2010.jpg
1,40,00/nm0725200_rm1207732992_1966-10-28_2007.jpg
1,43,00/nm0725200_rm1329956352_1966-10-28_2010.jpg
1,35,00/nm0725200_rm1352566016_1966-10-28_2002.jpg
1,35,00/nm0725200_rm1369343232_1966-10-28_2002.jpg
1,35,00/nm0725200_rm1386120448_1966-10-28_2002.jpg
1,40,00/nm0725200_rm1387698176_1966-10-28_2007.jpg
1,35,00/nm0725200_rm1402897664_1966-10-28_2002.jpg
1,35,00/nm0725200_rm1604224256_1966-10-28_2002.jpg
1,42,00/nm0725200_rm2255457024_1966-10-28_2009.jpg
1,36,00/nm0725200_rm2473436672_1966-10-28_2003.jpg
1,39,00/nm0725200_rm2633603840_1966-10-28_2006.jpg
1,36,00/nm0725200_rm3094714624_1966-10-28_2003.jpg
1,38,00/nm0725200_rm3343026688_1966-10-28_2005.jpg
1,37,00/nm0725200_rm3966671104_1966-10-28_2004.jpg
1,40,00/nm0725200_rm4029257984_1966-10-28_2007.jpg
1,40,00/nm0725200_rm4062812416_1966-10-28_2007.jpg
1,40,00/nm0725200_rm4113144064_1966-10-28_2007.jpg
1,40,00/nm0725200_rm4264139008_1966-10-28_2007.jpg
1,41,00/nm0725200_rm537039872_1966-10-28_2008.jpg
1,38,00/nm0725200_rm732928768_1966-10-28_2005.jpg
1,43,00/nm0726200_rm1109495296_1947-4-11_1990.jpg
1,62,00/nm0726200_rm1220382208_1947-4-11_2009.jpg
1,62,00/nm0726200_rm16365312_1947-4-11_2009.jpg
1,66,00/nm0726200_rm2061805312_1947-4-11_2013.jpg
1,63,00/nm0726200_rm2318370560_1947-4-11_2010.jpg
1,60,00/nm0726200_rm253794048_1947-4-11_2007.jpg
1,62,00/nm0726200_rm4187262720_1947-4-11_2009.jpg
1,62,00/nm0726200_rm4220817152_1947-4-11_2009.jpg
1,62,00/nm0726200_rm4254371584_1947-4-11_2009.jpg
0,30,00/nm1725400_rm2078906368_1976-1-8_2006.jpg
0,30,00/nm1725400_rm2095683584_1976-1-8_2006.jpg
0,30,00/nm1725400_rm2112460800_1976-1-8_2006.jpg
1,34,00/nm1727100_rm135453184_1979-1-18_2013.jpg
1,34,00/nm1727100_rm169007616_1979-1-18_2013.jpg
1,32,00/nm1727100_rm2192278784_1979-1-18_2011.jpg
1,32,00/nm1727100_rm2410382592_1979-1-18_2011.jpg
1,32,00/nm1727100_rm2885518592_1979-1-18_2011.jpg
1,32,00/nm1727100_rm2928116736_1979-1-18_2011.jpg
1,32,00/nm1727100_rm3585639168_1979-1-18_2011.jpg
1,32,00/nm1727100_rm3802891520_1979-1-18_2011.jpg
1,32,00/nm1727100_rm4004218112_1979-1-18_2011.jpg
0,56,00/nm0920800_rm1534314496_1939-11-23_1996.jpg
0,56,00/nm0920800_rm2289289216_1939-11-23_1996.jpg
0,56,00/nm0920800_rm2658387968_1939-11-23_1996.jpg
0,56,00/nm0920800_rm3967010816_1939-11-23_1996.jpg
1,79,00/nm0927600_rm2799405568_1928-9-30_2008.jpg
0,21,00/nm1926300_rm873836800_1990-10-24_2012.jpg
0,29,00/nm0132300_rm2256640000_1972-12-7_2002.jpg
0,37,00/nm0132300_rm2372763648_1972-12-7_2010.jpg
0,35,00/nm0132300_rm2662569728_1972-12-7_2008.jpg
0,29,00/nm0132300_rm331848448_1972-12-7_2002.jpg
0,29,00/nm0132300_rm348625664_1972-12-7_2002.jpg
0,40,00/nm0132300_rm3708133888_1972-12-7_2013.jpg
0,40,00/nm0132300_rm3724911104_1972-12-7_2013.jpg
0,38,00/nm0132300_rm3754081280_1972-12-7_2011.jpg
0,32,00/nm0132300_rm3905394688_1972-12-7_2005.jpg
0,32,00/nm0132300_rm3922171904_1972-12-7_2005.jpg
0,28,00/nm0132300_rm687708928_1972-12-7_2001.jpg
0,28,00/nm0132300_rm704486144_1972-12-7_2001.jpg
0,28,00/nm0132300_rm758749696_1972-12-7_2001.jpg
0,28,00/nm0132300_rm775526912_1972-12-7_2001.jpg
0,28,00/nm0132300_rm792304128_1972-12-7_2001.jpg
0,37,00/nm0132300_rm825146624_1972-12-7_2010.jpg
0,28,00/nm0132300_rm922589952_1972-12-7_2001.jpg
0,28,00/nm0132300_rm939367168_1972-12-7_2001.jpg
1,81,00/nm0232800_rm1304137216_1928-10-29_2010.jpg
1,76,00/nm0232800_rm4082212096_1928-10-29_2005.jpg
1,33,00/nm2235400_rm4132623104_1980-6-3_2013.jpg
0,28,00/nm3236300_rm1104868608_1986-7-20_2015.jpg
0,28,00/nm3236300_rm1741223168_1986-7-20_2015.jpg
0,28,00/nm3236300_rm1802630400_1986-7-20_2015.jpg
0,26,00/nm3236300_rm2110321920_1986-7-20_2013.jpg
0,26,00/nm3236300_rm3017471232_1986-7-20_2013.jpg
0,27,00/nm0532900_rm2988750080_1984-10-11_2012.jpg
0,23,00/nm0532900_rm3441202944_1984-10-11_2008.jpg
0,27,00/nm0532900_rm3944721408_1984-10-11_2012.jpg
0,27,00/nm0532900_rm4280265728_1984-10-11_2012.jpg
0,24,00/nm0532900_rm715885312_1984-10-11_2009.jpg
0,35,00/nm1534700_rm1642374912_1977-8-6_2013.jpg
0,45,00/nm0630100_rm555457280_1958-9-11_2004.jpg
0,45,00/nm0630100_rm572234496_1958-9-11_2004.jpg
0,45,00/nm0630100_rm589011712_1958-9-11_2004.jpg
1,30,00/nm0634300_rm1224838912_1976-6-6_2006.jpg
1,38,00/nm0634300_rm3356818176_1976-6-6_2014.jpg
1,35,00/nm0634300_rm3593121792_1976-6-6_2011.jpg
1,38,00/nm0634300_rm713751296_1976-6-6_2014.jpg
1,37,00/nm0639200_rm154508032_1964-8-11_2002.jpg
1,37,00/nm0639200_rm2187892992_1964-8-11_2002.jpg
1,37,00/nm0639200_rm2221447424_1964-8-11_2002.jpg
1,37,00/nm0639200_rm2355665152_1964-8-11_2002.jpg
1,37,00/nm0639200_rm3144194304_1964-8-11_2002.jpg
1,42,00/nm0639200_rm3600914688_1964-8-11_2007.jpg
0,31,00/nm1635000_rm177965824_1972-12-14_2004.jpg
1,72,00/nm0734000_rm3358562304_1930-4-29_2002.jpg
1,82,00/nm0734000_rm3599096576_1930-4-29_2012.jpg
1,72,00/nm0734000_rm789682176_1930-4-29_2002.jpg
0,24,00/nm1737500_rm1361418240_1981-3-30_2005.jpg
0,29,00/nm1737500_rm158317824_1981-3-30_2010.jpg
0,29,00/nm1737500_rm1611114752_1981-3-30_2010.jpg
0,28,00/nm1737500_rm2050142464_1981-3-30_2009.jpg
0,28,00/nm1737500_rm3017902848_1981-3-30_2009.jpg
0,29,00/nm1737500_rm3131344640_1981-3-30_2010.jpg
0,27,00/nm1737500_rm3720516864_1981-3-30_2008.jpg
0,27,00/nm1737500_rm549688576_1981-3-30_2008.jpg
0,27,00/nm1737500_rm801346816_1981-3-30_2008.jpg
0,26,00/nm0838000_rm107980032_1983-10-21_2010.jpg
0,26,00/nm0838000_rm1547422976_1983-10-21_2010.jpg
0,26,00/nm0838000_rm1840109568_1983-10-21_2010.jpg
0,27,00/nm0838000_rm1981004544_1983-10-21_2011.jpg
0,27,00/nm0838000_rm1997781760_1983-10-21_2011.jpg
0,26,00/nm0838000_rm2530722048_1983-10-21_2010.jpg
0,26,00/nm0838000_rm2547499264_1983-10-21_2010.jpg
0,25,00/nm0838000_rm256282368_1983-10-21_2009.jpg
0,26,00/nm0838000_rm330029824_1983-10-21_2010.jpg
0,26,00/nm0838000_rm3492642816_1983-10-21_2010.jpg
0,26,00/nm0838000_rm363584256_1983-10-21_2010.jpg
0,26,00/nm0838000_rm3647323904_1983-10-21_2010.jpg
0,26,00/nm0838000_rm3697655552_1983-10-21_2010.jpg
0,26,00/nm0838000_rm3967920896_1983-10-21_2010.jpg
0,25,00/nm0838000_rm4624128_1983-10-21_2009.jpg
0,26,00/nm0838000_rm886692096_1983-10-21_2010.jpg
0,36,00/nm1835900_rm1287307776_1978-6-27_2014.jpg
0,36,00/nm1835900_rm1790624256_1978-6-27_2014.jpg
0,32,00/nm1835900_rm18067456_1978-6-27_2010.jpg
0,31,00/nm1835900_rm2284093696_1978-6-27_2009.jpg
0,28,00/nm1835900_rm2441907712_1978-6-27_2006.jpg
0,31,00/nm1835900_rm2641463552_1978-6-27_2009.jpg
0,31,00/nm1835900_rm382635520_1978-6-27_2009.jpg
0,32,00/nm1835900_rm3938750208_1978-6-27_2010.jpg
0,33,00/nm1835900_rm893122816_1978-6-27_2011.jpg
1,74,00/nm0933400_rm2613876992_1933-12-8_2008.jpg
1,35,00/nm0936300_rm1412470528_1973-2-18_2008.jpg
1,41,00/nm0936300_rm1817300736_1973-2-18_2014.jpg
1,41,00/nm0936300_rm1834077952_1973-2-18_2014.jpg
1,41,00/nm0936300_rm2256857600_1973-2-18_2014.jpg
1,41,00/nm0936300_rm2385169664_1973-2-18_2014.jpg
1,41,00/nm0936300_rm2480390400_1973-2-18_2014.jpg
1,41,00/nm0936300_rm2536164608_1973-2-18_2014.jpg
1,41,00/nm0936300_rm2653605120_1973-2-18_2014.jpg
1,41,00/nm0936300_rm2709242624_1973-2-18_2014.jpg
1,41,00/nm0936300_rm3095718400_1973-2-18_2014.jpg
1,41,00/nm0936300_rm3575236864_1973-2-18_2014.jpg
1,40,00/nm0936300_rm3626431488_1973-2-18_2013.jpg
0,49,00/nm0142000_rm3901209344_1961-1-2_2010.jpg
0,28,00/nm1140300_rm1154598144_1985-9-24_2014.jpg
0,27,00/nm1140300_rm1624419072_1985-9-24_2013.jpg
0,27,00/nm1140300_rm1651616768_1985-9-24_2013.jpg
0,27,00/nm1140300_rm166043904_1985-9-24_2013.jpg
0,27,00/nm1140300_rm1710334464_1985-9-24_2013.jpg
0,27,00/nm1140300_rm1859300096_1985-9-24_2013.jpg
0,20,00/nm1140300_rm1978636288_1985-9-24_2006.jpg
0,23,00/nm1140300_rm2118813952_1985-9-24_2009.jpg
0,27,00/nm1140300_rm224501760_1985-9-24_2013.jpg
0,23,00/nm1140300_rm2281736448_1985-9-24_2009.jpg
0,23,00/nm1140300_rm2315290880_1985-9-24_2009.jpg
0,27,00/nm1140300_rm233152768_1985-9-24_2013.jpg
0,27,00/nm1140300_rm241278976_1985-9-24_2013.jpg
0,23,00/nm1140300_rm2432731392_1985-9-24_2009.jpg
0,23,00/nm1140300_rm2483063040_1985-9-24_2009.jpg
0,23,00/nm1140300_rm2516617472_1985-9-24_2009.jpg
0,22,00/nm1140300_rm2869138432_1985-9-24_2008.jpg
0,27,00/nm1140300_rm2896864000_1985-9-24_2013.jpg
0,27,00/nm1140300_rm2913641216_1985-9-24_2013.jpg
0,28,00/nm1140300_rm299615488_1985-9-24_2014.jpg
0,27,00/nm1140300_rm299802624_1985-9-24_2013.jpg
0,27,00/nm1140300_rm3011747840_1985-9-24_2013.jpg
0,27,00/nm1140300_rm3213074432_1985-9-24_2013.jpg
0,27,00/nm1140300_rm3226116352_1985-9-24_2013.jpg
0,27,00/nm1140300_rm3242893568_1985-9-24_2013.jpg
0,27,00/nm1140300_rm3259670784_1985-9-24_2013.jpg
0,27,00/nm1140300_rm3293225216_1985-9-24_2013.jpg
0,27,00/nm1140300_rm3310002432_1985-9-24_2013.jpg
0,23,00/nm1140300_rm3337652480_1985-9-24_2009.jpg
0,22,00/nm1140300_rm3375994880_1985-9-24_2008.jpg
0,22,00/nm1140300_rm3392772096_1985-9-24_2008.jpg
0,22,00/nm1140300_rm3459880960_1985-9-24_2008.jpg
0,22,00/nm1140300_rm3476658176_1985-9-24_2008.jpg
0,23,00/nm1140300_rm3908077824_1985-9-24_2009.jpg
0,27,00/nm1140300_rm534683648_1985-9-24_2013.jpg
0,33,00/nm1145000_rm2395976960_1978-9-12_2012.jpg
0,26,00/nm1145000_rm2696723712_1978-9-12_2005.jpg
0,26,00/nm1145000_rm2819537920_1978-9-12_2005.jpg
0,26,00/nm1145000_rm2875636992_1978-9-12_2005.jpg
0,26,00/nm1145000_rm2981936384_1978-9-12_2005.jpg
0,26,00/nm1145000_rm3037641728_1978-9-12_2005.jpg
0,30,00/nm1145000_rm493587968_1978-9-12_2009.jpg
1,42,00/nm0249500_rm294963456_1923-9-24_1966.jpg
1,42,00/nm0249500_rm345295104_1923-9-24_1966.jpg
1,42,00/nm0249500_rm3499411712_1923-9-24_1966.jpg
1,42,00/nm0249500_rm3516188928_1923-9-24_1966.jpg
1,42,00/nm0249500_rm3751069952_1923-9-24_1966.jpg
1,42,00/nm0249500_rm3801401600_1923-9-24_1966.jpg
1,42,00/nm0249500_rm546687232_1923-9-24_1966.jpg
1,42,00/nm0249500_rm563464448_1923-9-24_1966.jpg
1,42,00/nm0249500_rm597018880_1923-9-24_1966.jpg
1,19,00/nm0344600_rm2319174656_1958-12-29_1978.jpg
1,19,00/nm0344600_rm2671496192_1958-12-29_1978.jpg
0,24,00/nm1343600_rm207985152_1978-12-20_2003.jpg
0,24,00/nm1343600_rm224762368_1978-12-20_2003.jpg
1,45,00/nm0542000_rm1430362368_1950-8-16_1996.jpg
0,37,00/nm0547300_rm945413376_1923-8-15_1961.jpg
0,44,00/nm0547700_rm1036169216_1967-5-14_2011.jpg
1,44,00/nm0547800_rm128360960_1968-12-19_2013.jpg
1,38,00/nm0547800_rm1962318592_1968-12-19_2007.jpg
1,38,00/nm0547800_rm2202635008_1968-12-19_2007.jpg
1,43,00/nm0547800_rm2408751104_1968-12-19_2012.jpg
1,45,00/nm0547800_rm2488782336_1968-12-19_2014.jpg
1,42,00/nm0547800_rm2878582784_1968-12-19_2011.jpg
1,40,00/nm0547800_rm3240725248_1968-12-19_2009.jpg
1,40,00/nm0547800_rm3348138752_1968-12-19_2009.jpg
1,45,00/nm0547800_rm3772698368_1968-12-19_2014.jpg
1,45,00/nm0547800_rm3789475584_1968-12-19_2014.jpg
1,45,00/nm0547800_rm4024356608_1968-12-19_2014.jpg
1,40,00/nm0547800_rm4036004608_1968-12-19_2009.jpg
1,40,00/nm0547800_rm4287662848_1968-12-19_2009.jpg
1,39,00/nm0547800_rm472355840_1968-12-19_2008.jpg
1,44,00/nm0547800_rm618061312_1968-12-19_2013.jpg
1,44,00/nm0547800_rm634838528_1968-12-19_2013.jpg
1,44,00/nm0547800_rm948885504_1968-12-19_2013.jpg
1,16,00/nm1544100_rm1084531712_1997-5-5_2013.jpg
1,16,00/nm1544100_rm1285858304_1997-5-5_2013.jpg
1,16,00/nm1544100_rm1336189952_1997-5-5_2013.jpg
1,10,00/nm1544100_rm2058533376_1997-5-5_2007.jpg
1,10,00/nm1544100_rm2075310592_1997-5-5_2007.jpg
1,10,00/nm1544100_rm2092087808_1997-5-5_2007.jpg
1,10,00/nm1544100_rm3362688256_1997-5-5_2007.jpg
1,10,00/nm1544100_rm3614346496_1997-5-5_2007.jpg
1,21,00/nm1546300_rm1109701888_1990-11-29_2012.jpg
1,21,00/nm1546300_rm1692838400_1990-11-29_2012.jpg
1,21,00/nm1546300_rm1743170048_1990-11-29_2012.jpg
1,21,00/nm1546300_rm1776724480_1990-11-29_2012.jpg
1,21,00/nm1546300_rm2974201088_1990-11-29_2012.jpg
1,21,00/nm1546300_rm3292968192_1990-11-29_2012.jpg
1,21,00/nm1546300_rm3511072000_1990-11-29_2012.jpg
0,32,00/nm0740500_rm3850344704_1963-0-0_1995.jpg
0,32,00/nm0740500_rm3883899136_1963-0-0_1995.jpg
1,39,00/nm1742300_rm1526192896_1974-5-31_2013.jpg
0,41,00/nm0843100_rm1120246528_1964-3-7_2005.jpg
0,41,00/nm0843100_rm1137023744_1964-3-7_2005.jpg
0,42,00/nm0843100_rm1422952448_1964-3-7_2006.jpg
0,43,00/nm0843100_rm1626052864_1964-3-7_2007.jpg
0,42,00/nm0843100_rm1783928832_1964-3-7_2006.jpg
0,42,00/nm0843100_rm1800706048_1964-3-7_2006.jpg
0,42,00/nm0843100_rm1884066816_1964-3-7_2006.jpg
0,47,00/nm0843100_rm255507968_1964-3-7_2011.jpg
0,49,00/nm0843100_rm2823332864_1964-3-7_2013.jpg
0,42,00/nm0843100_rm3179256064_1964-3-7_2006.jpg
0,45,00/nm0843100_rm3226831104_1964-3-7_2009.jpg
0,45,00/nm0843100_rm3243608320_1964-3-7_2009.jpg
0,38,00/nm0843100_rm3362360576_1964-3-7_2002.jpg
0,38,00/nm0843100_rm3379137792_1964-3-7_2002.jpg
0,45,00/nm0843100_rm3461712128_1964-3-7_2009.jpg
0,45,00/nm0843100_rm3478489344_1964-3-7_2009.jpg
0,42,00/nm0843100_rm4180121344_1964-3-7_2006.jpg
0,45,00/nm0843100_rm687180032_1964-3-7_2009.jpg
0,45,00/nm0843100_rm703957248_1964-3-7_2009.jpg
0,45,00/nm0843100_rm720734464_1964-3-7_2009.jpg
1,24,00/nm2843700_rm2004395776_1983-5-26_2007.jpg
1,58,00/nm0941000_rm3253517056_1953-4-24_2011.jpg
1,41,00/nm0948000_rm2417675776_1973-4-23_2014.jpg
0,39,00/nm0948500_rm64026112_1975-8-1_2015.jpg
1,32,00/nm0059600_rm3166094592_1973-10-31_2006.jpg
1,16,00/nm0150400_rm1693025536_1967-11-13_1984.jpg
1,16,00/nm0150400_rm1743357184_1967-11-13_1984.jpg
1,16,00/nm0150400_rm417957120_1967-11-13_1984.jpg
1,16,00/nm0150400_rm451511552_1967-11-13_1984.jpg
0,14,00/nm3256000_rm3626928640_1985-9-29_2000.jpg
1,26,00/nm4251000_rm1242952960_1983-6-21_2009.jpg
1,27,00/nm4251000_rm2367026432_1983-6-21_2010.jpg
0,43,00/nm0358200_rm1106049536_1971-4-5_2014.jpg
0,43,00/nm0358200_rm1340930560_1971-4-5_2014.jpg
0,9,00/nm1352900_rm3028063744_1998-7-1_2008.jpg
0,28,00/nm2351500_rm1014807040_1978-10-22_2007.jpg
0,28,00/nm2351500_rm1065138688_1978-10-22_2007.jpg
0,28,00/nm2351500_rm13077760_1978-10-22_2007.jpg
0,28,00/nm2351500_rm1359184128_1978-10-22_2007.jpg
0,28,00/nm2351500_rm1765259264_1978-10-22_2007.jpg
0,28,00/nm2351500_rm2332920064_1978-10-22_2007.jpg
0,28,00/nm2351500_rm2478746624_1978-10-22_2007.jpg
0,28,00/nm2351500_rm29854976_1978-10-22_2007.jpg
0,35,00/nm2351500_rm3716464640_1978-10-22_2014.jpg
0,28,00/nm2351500_rm4168452864_1978-10-22_2007.jpg
0,28,00/nm2351500_rm46632192_1978-10-22_2007.jpg
0,21,00/nm2359600_rm444307712_1986-6-22_2007.jpg
1,57,00/nm0451600_rm1547153152_1955-3-7_2012.jpg
1,57,00/nm0451600_rm3884361984_1955-3-7_2012.jpg
0,29,00/nm1556400_rm2298867712_1976-2-24_2005.jpg
0,29,00/nm1556400_rm2315644928_1976-2-24_2005.jpg
0,37,00/nm1556400_rm2324615168_1976-2-24_2013.jpg
0,29,00/nm1556400_rm2332422144_1976-2-24_2005.jpg
0,29,00/nm1556400_rm2349199360_1976-2-24_2005.jpg
0,37,00/nm1556400_rm2542718976_1976-2-24_2013.jpg
0,32,00/nm1556400_rm425637888_1976-2-24_2008.jpg
1,30,00/nm2650700_rm1910220544_1983-6-14_2013.jpg
1,24,00/nm2650700_rm2006223872_1983-6-14_2007.jpg
1,30,00/nm2650700_rm2145101568_1983-6-14_2013.jpg
1,30,00/nm2650700_rm2386613504_1983-6-14_2013.jpg
1,30,00/nm2650700_rm2567363584_1983-6-14_2013.jpg
1,30,00/nm2650700_rm2899825152_1983-6-14_2013.jpg
1,30,00/nm2650700_rm3692677376_1983-6-14_2013.jpg
1,30,00/nm2650700_rm3709454592_1983-6-14_2013.jpg
1,30,00/nm2650700_rm3743009024_1983-6-14_2013.jpg
0,13,00/nm0752800_rm3865033216_1991-4-27_2004.jpg
0,36,00/nm0856500_rm3363739904_1971-1-17_2007.jpg
0,36,00/nm0856500_rm3481180416_1971-1-17_2007.jpg
0,42,00/nm0856500_rm680708352_1971-1-17_2013.jpg
0,33,00/nm1956600_rm2159529728_1980-12-25_2014.jpg
0,33,00/nm1956600_rm2411187968_1980-12-25_2014.jpg
0,33,00/nm1956600_rm3506765312_1980-12-25_2014.jpg
1,36,00/nm0063800_rm1003942400_1978-8-20_2015.jpg
1,31,00/nm0063800_rm1469895424_1978-8-20_2010.jpg
1,31,00/nm0063800_rm1671081728_1978-8-20_2010.jpg
1,31,00/nm0063800_rm1704636160_1978-8-20_2010.jpg
1,32,00/nm0063800_rm2092019712_1978-8-20_2011.jpg
1,32,00/nm0063800_rm2108796928_1978-8-20_2011.jpg
1,32,00/nm0063800_rm2125574144_1978-8-20_2011.jpg
1,36,00/nm0063800_rm2409430784_1978-8-20_2015.jpg
1,31,00/nm0063800_rm2742857216_1978-8-20_2010.jpg
1,31,00/nm0063800_rm3134631680_1978-8-20_2010.jpg
1,31,00/nm0063800_rm3166348800_1978-8-20_2010.jpg
1,28,00/nm0063800_rm3175454208_1978-8-20_2007.jpg
1,36,00/nm0063800_rm450951424_1978-8-20_2015.jpg
1,36,00/nm0063800_rm555741440_1978-8-20_2015.jpg
1,36,00/nm0063800_rm970387968_1978-8-20_2015.jpg
0,31,00/nm0365300_rm1064864512_1973-11-27_2005.jpg
0,32,00/nm0365300_rm1131649536_1973-11-27_2006.jpg
0,33,00/nm0365300_rm160406272_1973-11-27_2007.jpg
0,34,00/nm0365300_rm1872532480_1973-11-27_2008.jpg
0,31,00/nm0365300_rm1967430400_1973-11-27_2005.jpg
0,31,00/nm0365300_rm1984207616_1973-11-27_2005.jpg
0,34,00/nm0365300_rm2225116672_1973-11-27_2008.jpg
0,32,00/nm0365300_rm2249693696_1973-11-27_2006.jpg
0,31,00/nm0365300_rm2433915392_1973-11-27_2005.jpg
0,31,00/nm0365300_rm2450692608_1973-11-27_2005.jpg
0,31,00/nm0365300_rm2467469824_1973-11-27_2005.jpg
0,31,00/nm0365300_rm249927936_1973-11-27_2005.jpg
0,35,00/nm0365300_rm2524350720_1973-11-27_2009.jpg
0,35,00/nm0365300_rm2571667968_1973-11-27_2009.jpg
0,31,00/nm0365300_rm2723452928_1973-11-27_2005.jpg
0,33,00/nm0365300_rm2801702912_1973-11-27_2007.jpg
0,35,00/nm0365300_rm2860748288_1973-11-27_2009.jpg
0,32,00/nm0365300_rm3094911488_1973-11-27_2006.jpg
0,32,00/nm0365300_rm3175062016_1973-11-27_2006.jpg
0,32,00/nm0365300_rm3191839232_1973-11-27_2006.jpg
0,32,00/nm0365300_rm3304233728_1973-11-27_2006.jpg
0,32,00/nm0365300_rm333486848_1973-11-27_2006.jpg
0,31,00/nm0365300_rm3400108288_1973-11-27_2005.jpg
0,31,00/nm0365300_rm3416885504_1973-11-27_2005.jpg
0,31,00/nm0365300_rm3433662720_1973-11-27_2005.jpg
0,32,00/nm0365300_rm350264064_1973-11-27_2006.jpg
0,36,00/nm0365300_rm4163666432_1973-11-27_2010.jpg
0,36,00/nm0365300_rm4275012096_1973-11-27_2010.jpg
0,33,00/nm0365300_rm541694720_1973-11-27_2007.jpg
0,32,00/nm0365300_rm608934656_1973-11-27_2006.jpg
0,32,00/nm0365300_rm625711872_1973-11-27_2006.jpg
0,32,00/nm0365300_rm642489088_1973-11-27_2006.jpg
0,32,00/nm0365300_rm659266304_1973-11-27_2006.jpg
0,32,00/nm0365300_rm729389568_1973-11-27_2006.jpg
1,43,00/nm0365600_rm1235139328_1943-2-25_1986.jpg
1,21,00/nm0365600_rm1300541440_1943-2-25_1964.jpg
1,21,00/nm0365600_rm1686477056_1943-2-25_1964.jpg
1,68,00/nm0365600_rm2440477952_1943-2-25_2011.jpg
1,68,00/nm0365600_rm2457255168_1943-2-25_2011.jpg
1,68,00/nm0365600_rm2474032384_1943-2-25_2011.jpg
1,68,00/nm0365600_rm2490809600_1943-2-25_2011.jpg
1,32,00/nm1369800_rm103403776_1981-10-29_2014.jpg
1,33,00/nm1369800_rm725414400_1981-10-29_2015.jpg
1,63,00/nm0568400_rm793556992_1948-0-0_2011.jpg
1,52,00/nm0569000_rm3630548992_1922-5-7_1974.jpg
1,52,00/nm0569000_rm3680880640_1922-5-7_1974.jpg
1,52,00/nm0569000_rm560384000_1922-5-7_1974.jpg
1,52,00/nm0569000_rm744933376_1922-5-7_1974.jpg
1,24,00/nm1560300_rm3340409600_1980-12-11_2005.jpg
0,29,00/nm0861600_rm1560841728_1959-2-12_1988.jpg
0,29,00/nm0861600_rm2802355712_1959-2-12_1988.jpg
1,37,00/nm0072600_rm3011377664_1977-4-3_2014.jpg
1,37,00/nm0072600_rm83742464_1977-4-3_2014.jpg
1,41,00/nm0078800_rm3598301696_1967-9-22_2009.jpg
1,39,00/nm0078800_rm668110080_1967-9-22_2007.jpg
1,52,00/nm0175200_rm562089472_1921-4-10_1973.jpg
1,52,00/nm0175200_rm612421120_1921-4-10_1973.jpg
1,55,00/nm0175700_rm2693451264_1925-10-16_1981.jpg
1,55,00/nm0175700_rm2861223424_1925-10-16_1981.jpg
1,55,00/nm0175700_rm2911555072_1925-10-16_1981.jpg
1,55,00/nm0175700_rm327863808_1925-10-16_1981.jpg
1,55,00/nm0175700_rm4053190912_1925-10-16_1981.jpg
1,55,00/nm0175700_rm4288071936_1925-10-16_1981.jpg
1,39,00/nm1178100_rm139263744_1966-11-2_2006.jpg
1,40,00/nm1178100_rm172818176_1966-11-2_2007.jpg
1,39,00/nm1178100_rm21823232_1966-11-2_2006.jpg
1,40,00/nm1178100_rm357367552_1966-11-2_2007.jpg
1,39,00/nm1178100_rm374144768_1966-11-2_2006.jpg
1,40,00/nm1178100_rm390921984_1966-11-2_2007.jpg
1,39,00/nm1178100_rm602249472_1966-11-2_2006.jpg
1,39,00/nm1178100_rm753244416_1966-11-2_2006.jpg
1,39,00/nm1178100_rm786798848_1966-11-2_2006.jpg
0,31,00/nm0279500_rm4280976384_1935-8-18_1967.jpg
0,31,00/nm0279500_rm442813440_1935-8-18_1967.jpg
1,34,00/nm2275000_rm4145347328_1978-0-0_2012.jpg
1,38,00/nm0373100_rm1315306752_1975-10-7_2014.jpg
1,30,00/nm0373100_rm2054525952_1975-10-7_2006.jpg
1,34,00/nm0373100_rm2069923584_1975-10-7_2010.jpg
1,30,00/nm0373100_rm2554106880_1975-10-7_2006.jpg
1,37,00/nm0373100_rm2584870144_1975-10-7_2013.jpg
1,37,00/nm0373100_rm2668756224_1975-10-7_2013.jpg
1,31,00/nm0373100_rm4206139392_1975-10-7_2007.jpg
1,37,00/nm0376200_rm1441039616_1938-2-1_1975.jpg
1,37,00/nm0376200_rm3695946496_1938-2-1_1975.jpg
1,37,00/nm0376200_rm625781504_1938-2-1_1975.jpg
1,36,00/nm0378200_rm1855820800_1972-5-5_2008.jpg
1,35,00/nm0378200_rm314873856_1972-5-5_2007.jpg
1,33,00/nm0378200_rm732142336_1972-5-5_2005.jpg
1,54,00/nm0378800_rm1287838976_1932-9-26_1987.jpg
1,77,00/nm0378800_rm1371266560_1932-9-26_2010.jpg
1,77,00/nm0378800_rm1606147584_1932-9-26_2010.jpg
1,35,00/nm0777300_rm3717377536_1976-8-6_2012.jpg
1,51,00/nm0876300_rm1208125952_1957-7-29_2009.jpg
1,51,00/nm0876300_rm2452391936_1957-7-29_2009.jpg
1,50,00/nm0876300_rm2517666560_1957-7-29_2008.jpg
1,51,00/nm0876300_rm2754263040_1957-7-29_2009.jpg
1,55,00/nm0876300_rm3238571008_1957-7-29_2013.jpg
1,55,00/nm0876300_rm3255348224_1957-7-29_2013.jpg
1,55,00/nm0876300_rm3305679872_1957-7-29_2013.jpg
1,56,00/nm0876300_rm587254528_1957-7-29_2014.jpg
1,47,00/nm0085400_rm2169870592_1948-8-30_1996.jpg
1,57,00/nm0085400_rm2320472320_1948-8-30_2006.jpg
1,57,00/nm0085400_rm3106254848_1948-8-30_2006.jpg
1,57,00/nm0085400_rm3156586496_1948-8-30_2006.jpg
1,58,00/nm0085400_rm3444869376_1948-8-30_2007.jpg
1,57,00/nm0085400_rm4072380416_1948-8-30_2006.jpg
1,63,00/nm0085400_rm46050304_1948-8-30_2012.jpg
1,59,00/nm0085400_rm675190528_1948-8-30_2008.jpg
1,59,00/nm0085400_rm708744960_1948-8-30_2008.jpg
1,57,00/nm0085400_rm734500864_1948-8-30_2006.jpg
1,59,00/nm0085400_rm742299392_1948-8-30_2008.jpg
1,59,00/nm0085400_rm759076608_1948-8-30_2008.jpg
1,59,00/nm0085400_rm842962688_1948-8-30_2008.jpg
1,40,00/nm0086000_rm1636486656_1941-5-10_1981.jpg
1,40,00/nm0086000_rm1837813248_1941-5-10_1981.jpg
1,40,00/nm0086000_rm1854590464_1941-5-10_1981.jpg
1,40,00/nm0086000_rm3616132608_1941-5-10_1981.jpg
1,40,00/nm0086000_rm4036413696_1941-5-10_1981.jpg
1,48,00/nm0086000_rm436768256_1941-5-10_1989.jpg
0,32,00/nm1089900_rm1212201216_1978-10-28_2011.jpg
0,29,00/nm1089900_rm2539554816_1978-10-28_2008.jpg
1,20,00/nm0189200_rm1149606144_1986-5-28_2006.jpg
1,26,00/nm0189200_rm1265161728_1986-5-28_2012.jpg
1,20,00/nm0189200_rm1384487168_1986-5-28_2006.jpg
1,20,00/nm0189200_rm139303680_1986-5-28_2006.jpg
1,26,00/nm0189200_rm1449711104_1986-5-28_2012.jpg
1,20,00/nm0189200_rm156080896_1986-5-28_2006.jpg
1,20,00/nm0189200_rm548182016_1986-5-28_2006.jpg
1,23,00/nm0189200_rm76056576_1986-5-28_2009.jpg
1,25,00/nm0189200_rm875085056_1986-5-28_2011.jpg
1,25,00/nm0189200_rm891862272_1986-5-28_2011.jpg
0,37,00/nm2185000_rm2163452416_1974-9-12_2012.jpg
0,37,00/nm2185000_rm2719986944_1974-9-12_2012.jpg
0,37,00/nm2185000_rm2753541376_1974-9-12_2012.jpg
0,37,00/nm2185000_rm2870981888_1974-9-12_2012.jpg
0,37,00/nm2185000_rm2921313536_1974-9-12_2012.jpg
0,37,00/nm2185000_rm3125261568_1974-9-12_2012.jpg
0,37,00/nm2185000_rm3923621120_1974-9-12_2012.jpg
0,37,00/nm2185000_rm3990729984_1974-9-12_2012.jpg
0,37,00/nm2185000_rm4057838848_1974-9-12_2012.jpg
0,37,00/nm2185000_rm4158502144_1974-9-12_2012.jpg
0,37,00/nm2185000_rm4275942656_1974-9-12_2012.jpg
1,73,00/nm0280600_rm1367667968_1941-9-23_2015.jpg
1,73,00/nm0280600_rm3095721216_1941-9-23_2015.jpg
1,73,00/nm0280600_rm3179607296_1941-9-23_2015.jpg
0,13,00/nm0289200_rm1273936384_1996-7-23_2010.jpg
0,11,00/nm0289200_rm1452644096_1996-7-23_2008.jpg
0,14,00/nm0289200_rm1745469184_1996-7-23_2011.jpg
0,11,00/nm0289200_rm2778044160_1996-7-23_2008.jpg
0,14,00/nm0289200_rm296139264_1996-7-23_2011.jpg
0,12,00/nm0289200_rm3066726656_1996-7-23_2009.jpg
0,11,00/nm0289200_rm4085617664_1996-7-23_2008.jpg
0,14,00/nm0289200_rm4208966400_1996-7-23_2011.jpg
0,14,00/nm0289200_rm563198464_1996-7-23_2011.jpg
0,14,00/nm0289200_rm828081408_1996-7-23_2011.jpg
1,33,00/nm1381100_rm1024694272_1976-3-16_2009.jpg
1,33,00/nm1381100_rm538741248_1976-3-16_2009.jpg
1,33,00/nm1381100_rm688228864_1976-3-16_2009.jpg
1,33,00/nm1381100_rm790399488_1976-3-16_2009.jpg
1,28,00/nm1488800_rm2539227392_1980-10-5_2009.jpg
1,32,00/nm1488800_rm3096894976_1980-10-5_2013.jpg
0,74,00/nm0587900_rm1841223936_1923-4-12_1997.jpg
0,22,00/nm2584600_rm1183889664_1988-7-20_2011.jpg
0,23,00/nm2584600_rm1260696832_1988-7-20_2012.jpg
0,16,00/nm2584600_rm1380551424_1988-7-20_2005.jpg
0,16,00/nm2584600_rm1635488768_1988-7-20_2005.jpg
0,23,00/nm2584600_rm1642506752_1988-7-20_2012.jpg
0,23,00/nm2584600_rm1709615616_1988-7-20_2012.jpg
0,25,00/nm2584600_rm1861535232_1988-7-20_2014.jpg
0,21,00/nm2584600_rm1881245440_1988-7-20_2010.jpg
0,21,00/nm2584600_rm1898022656_1988-7-20_2010.jpg
0,16,00/nm2584600_rm2047186944_1988-7-20_2005.jpg
0,16,00/nm2584600_rm2085391104_1988-7-20_2005.jpg
0,16,00/nm2584600_rm209228800_1988-7-20_2005.jpg
0,24,00/nm2584600_rm2284968192_1988-7-20_2013.jpg
0,18,00/nm2584600_rm2461506304_1988-7-20_2007.jpg
0,24,00/nm2584600_rm2503072000_1988-7-20_2013.jpg
0,16,00/nm2584600_rm2639432448_1988-7-20_2005.jpg
0,23,00/nm2584600_rm2651695360_1988-7-20_2012.jpg
0,16,00/nm2584600_rm2939328512_1988-7-20_2005.jpg
0,23,00/nm2584600_rm2974201088_1988-7-20_2012.jpg
0,23,00/nm2584600_rm3141973248_1988-7-20_2012.jpg
0,23,00/nm2584600_rm3158750464_1988-7-20_2012.jpg
0,23,00/nm2584600_rm3175527680_1988-7-20_2012.jpg
0,22,00/nm2584600_rm3224222976_1988-7-20_2011.jpg
0,23,00/nm2584600_rm3225859328_1988-7-20_2012.jpg
0,23,00/nm2584600_rm3292968192_1988-7-20_2012.jpg
0,24,00/nm2584600_rm3298337280_1988-7-20_2013.jpg
0,22,00/nm2584600_rm3341663488_1988-7-20_2011.jpg
0,24,00/nm2584600_rm3466109440_1988-7-20_2013.jpg
0,24,00/nm2584600_rm3482886656_1988-7-20_2013.jpg
0,23,00/nm2584600_rm3490621696_1988-7-20_2012.jpg
0,25,00/nm2584600_rm3505636864_1988-7-20_2014.jpg
0,16,00/nm2584600_rm350591232_1988-7-20_2005.jpg
0,20,00/nm2584600_rm3518729728_1988-7-20_2009.jpg
0,20,00/nm2584600_rm3535506944_1988-7-20_2009.jpg
0,25,00/nm2584600_rm3637036544_1988-7-20_2014.jpg
0,25,00/nm2584600_rm3653813760_1988-7-20_2014.jpg
0,23,00/nm2584600_rm3745953024_1988-7-20_2012.jpg
0,24,00/nm2584600_rm389000448_1988-7-20_2013.jpg
0,24,00/nm2584600_rm3994460672_1988-7-20_2013.jpg
0,24,00/nm2584600_rm4053312000_1988-7-20_2013.jpg
0,16,00/nm2584600_rm444306432_1988-7-20_2005.jpg
0,21,00/nm2584600_rm471959296_1988-7-20_2010.jpg
0,21,00/nm2584600_rm488736512_1988-7-20_2010.jpg
0,21,00/nm2584600_rm505513728_1988-7-20_2010.jpg
0,22,00/nm2584600_rm562019584_1988-7-20_2011.jpg
0,22,00/nm2584600_rm612351232_1988-7-20_2011.jpg
0,24,00/nm2584600_rm614048256_1988-7-20_2013.jpg
0,24,00/nm2584600_rm775925504_1988-7-20_2013.jpg
0,22,00/nm2584600_rm796900608_1988-7-20_2011.jpg
0,25,00/nm2584600_rm801752576_1988-7-20_2014.jpg
0,24,00/nm2584600_rm814263296_1988-7-20_2013.jpg
0,26,00/nm2584600_rm822211072_1988-7-20_2015.jpg
0,81,00/nm0682000_rm3163932928_1898-6-1_1979.jpg
0,81,00/nm0682000_rm3197487360_1898-6-1_1979.jpg
1,12,00/nm0682300_rm353286400_1982-10-23_1995.jpg
1,12,00/nm0682300_rm3899824384_1982-10-23_1995.jpg
1,52,00/nm0684500_rm118527488_1955-3-4_2007.jpg
1,54,00/nm0684500_rm1516667392_1955-3-4_2009.jpg
1,49,00/nm0684500_rm468490496_1955-3-4_2004.jpg
0,17,00/nm1682400_rm3148516608_1991-9-20_2009.jpg
0,18,00/nm1682400_rm3801579776_1991-9-20_2010.jpg
0,17,00/nm1682400_rm4020145664_1991-9-20_2009.jpg
0,15,00/nm1682400_rm788305920_1991-9-20_2007.jpg
0,15,00/nm1682400_rm805083136_1991-9-20_2007.jpg
0,17,00/nm1985600_rm2802297344_1983-2-26_2000.jpg
1,27,00/nm0194900_rm111581184_1980-4-17_2007.jpg
1,27,00/nm0194900_rm128358400_1980-4-17_2007.jpg
1,27,00/nm0194900_rm1715378944_1980-4-17_2007.jpg
1,31,00/nm0194900_rm2082127360_1980-4-17_2011.jpg
1,29,00/nm0194900_rm2095942400_1980-4-17_2009.jpg
1,34,00/nm0194900_rm2597386240_1980-4-17_2014.jpg
1,34,00/nm0194900_rm2630940672_1980-4-17_2014.jpg
1,33,00/nm0194900_rm2639255552_1980-4-17_2013.jpg
1,34,00/nm0194900_rm2875191808_1980-4-17_2014.jpg
1,31,00/nm0194900_rm3117202432_1980-4-17_2011.jpg
1,33,00/nm0194900_rm3352743936_1980-4-17_2013.jpg
1,33,00/nm0194900_rm3421166848_1980-4-17_2013.jpg
1,33,00/nm0194900_rm3898465536_1980-4-17_2013.jpg
1,31,00/nm0194900_rm4251026688_1980-4-17_2011.jpg
1,33,00/nm0194900_rm879353344_1980-4-17_2013.jpg
1,27,00/nm0194900_rm950441984_1980-4-17_2007.jpg
1,31,00/nm1191900_rm3523849216_1980-7-27_2012.jpg
1,31,00/nm1191900_rm3557403648_1980-7-27_2012.jpg
1,31,00/nm1191900_rm3574180864_1980-7-27_2012.jpg
1,30,00/nm2296000_rm1067222272_1980-12-18_2011.jpg
1,30,00/nm2296000_rm2232662528_1980-12-18_2011.jpg
1,30,00/nm2296000_rm2316548608_1980-12-18_2011.jpg
1,30,00/nm2296000_rm3038885376_1980-12-18_2011.jpg
1,30,00/nm2296000_rm3122771456_1980-12-18_2011.jpg
1,30,00/nm2296000_rm882672896_1980-12-18_2011.jpg
1,30,00/nm2296000_rm899450112_1980-12-18_2011.jpg
0,48,00/nm0490500_rm2196612864_1964-12-8_2013.jpg
0,37,00/nm1490300_rm2826937088_1975-11-13_2013.jpg
0,37,00/nm1490300_rm325165056_1975-11-13_2013.jpg
0,29,00/nm1490300_rm3371735296_1975-11-13_2005.jpg
0,34,00/nm1490300_rm4154295808_1975-11-13_2010.jpg
0,37,00/nm1490300_rm4182417664_1975-11-13_2013.jpg
0,37,00/nm1490300_rm4249526528_1975-11-13_2013.jpg
0,37,00/nm1490300_rm750444032_1975-11-13_2013.jpg
1,41,00/nm0592400_rm3551435008_1955-9-18_1997.jpg
1,41,00/nm0592400_rm3568212224_1955-9-18_1997.jpg
1,41,00/nm0592400_rm3584989440_1955-9-18_1997.jpg
0,24,00/nm0691600_rm1120720128_1988-12-16_2013.jpg
0,19,00/nm0691600_rm1176409600_1988-12-16_2008.jpg
0,21,00/nm0691600_rm1690535168_1988-12-16_2010.jpg
0,21,00/nm0691600_rm1841530112_1988-12-16_2010.jpg
0,24,00/nm0691600_rm1956630528_1988-12-16_2013.jpg
0,24,00/nm0691600_rm2832716288_1988-12-16_2013.jpg
0,16,00/nm0691600_rm3387460608_1988-12-16_2005.jpg
0,16,00/nm0691600_rm4024994816_1988-12-16_2005.jpg
0,11,00/nm0691600_rm4103715328_1988-12-16_2000.jpg
0,16,00/nm0691600_rm971607040_1988-12-16_2005.jpg
1,32,00/nm0694100_rm1670042112_1976-1-19_2008.jpg
1,32,00/nm0694100_rm1703596544_1976-1-19_2008.jpg
1,38,00/nm0694100_rm3336237568_1976-1-19_2014.jpg
1,32,00/nm0694100_rm4142575616_1976-1-19_2008.jpg
0,22,00/nm0799900_rm2240083200_1992-7-7_2015.jpg
0,19,00/nm0799900_rm3881150976_1992-7-7_2012.jpg
0,33,00/nm0897400_rm1354405888_1968-4-12_2001.jpg
0,33,00/nm0897400_rm1606064128_1968-4-12_2001.jpg
